2024-11-09 23:48:37,552 - INFO - Iniciando loop MQTT...
2024-11-09 23:48:37,558 - INFO - Conectado exitosamente al broker MQTT
2024-11-09 23:48:37,563 - INFO - Suscrito al topic: sensor/data
2024-11-09 23:50:15,789 - INFO - Señal de terminación recibida. Cerrando aplicación...
2024-11-09 23:50:17,800 - INFO - Iniciando loop MQTT...
2024-11-09 23:50:17,806 - INFO - Conectado exitosamente al broker MQTT
2024-11-09 23:50:17,810 - INFO - Suscrito al topic: sensor/data
2024-11-09 23:52:56,382 - INFO - Datos insertados: Device=test_device, Time=2024-11-09 23:52:56.357977, Counts=100
2024-11-10 00:12:51,528 - INFO - Datos insertados: Device=motor_encoder, Time=2024-11-10 00:12:51.506935, Counts=0
2024-11-10 00:12:52,547 - INFO - Datos insertados: Device=motor_encoder, Time=2024-11-10 00:12:52.523122, Counts=0
2024-11-10 00:12:53,563 - INFO - Datos insertados: Device=motor_encoder, Time=2024-11-10 00:12:53.539778, Counts=0
2024-11-10 00:12:54,547 - INFO - Datos insertados: Device=motor_encoder, Time=2024-11-10 00:12:54.519713, Counts=0
2024-11-10 00:12:55,545 - INFO - Datos insertados: Device=motor_encoder, Time=2024-11-10 00:12:55.520877, Counts=0
2024-11-10 00:12:56,556 - INFO - Datos insertados: Device=motor_encoder, Time=2024-11-10 00:12:56.532191, Counts=0
2024-11-10 00:12:57,547 - INFO - Datos insertados: Device=motor_encoder, Time=2024-11-10 00:12:57.523408, Counts=0
2024-11-10 00:12:58,547 - INFO - Datos insertados: Device=motor_encoder, Time=2024-11-10 00:12:58.521151, Counts=0
2024-11-10 00:12:59,561 - INFO - Datos insertados: Device=motor_encoder, Time=2024-11-10 00:12:59.533185, Counts=0
2024-11-10 00:13:00,558 - INFO - Datos insertados: Device=motor_encoder, Time=2024-11-10 00:13:00.533931, Counts=0
2024-11-10 00:13:01,553 - INFO - Datos insertados: Device=motor_encoder, Time=2024-11-10 00:13:01.530995, Counts=0
2024-11-10 00:13:02,573 - INFO - Datos insertados: Device=motor_encoder, Time=2024-11-10 00:13:02.549619, Counts=0
2024-11-10 00:13:03,558 - INFO - Datos insertados: Device=motor_encoder, Time=2024-11-10 00:13:03.532820, Counts=0
2024-11-10 00:13:04,558 - INFO - Datos insertados: Device=motor_encoder, Time=2024-11-10 00:13:04.535718, Counts=0
2024-11-10 00:13:05,577 - INFO - Datos insertados: Device=motor_encoder, Time=2024-11-10 00:13:05.550590, Counts=0
2024-11-10 00:13:06,574 - INFO - Datos insertados: Device=motor_encoder, Time=2024-11-10 00:13:06.550308, Counts=-735
2024-11-10 00:13:07,618 - INFO - Datos insertados: Device=motor_encoder, Time=2024-11-10 00:13:07.594114, Counts=-1684
2024-11-10 00:13:08,662 - INFO - Datos insertados: Device=motor_encoder, Time=2024-11-10 00:13:08.638033, Counts=156
2024-11-10 00:13:09,689 - INFO - Datos insertados: Device=motor_encoder, Time=2024-11-10 00:13:09.664835, Counts=1177
2024-11-10 00:13:10,728 - INFO - Datos insertados: Device=motor_encoder, Time=2024-11-10 00:13:10.700330, Counts=2237
2024-11-10 00:13:11,763 - INFO - Datos insertados: Device=motor_encoder, Time=2024-11-10 00:13:11.736743, Counts=-771
2024-11-10 00:13:12,818 - INFO - Datos insertados: Device=motor_encoder, Time=2024-11-10 00:13:12.794123, Counts=-1737
2024-11-10 00:13:13,837 - INFO - Datos insertados: Device=motor_encoder, Time=2024-11-10 00:13:13.812158, Counts=222
2024-11-10 00:13:14,864 - INFO - Datos insertados: Device=motor_encoder, Time=2024-11-10 00:13:14.840228, Counts=1241
2024-11-10 00:13:15,925 - INFO - Datos insertados: Device=motor_encoder, Time=2024-11-10 00:13:15.901369, Counts=2294
2024-11-10 00:13:16,961 - INFO - Datos insertados: Device=motor_encoder, Time=2024-11-10 00:13:16.933554, Counts=-827
2024-11-10 00:13:17,992 - INFO - Datos insertados: Device=motor_encoder, Time=2024-11-10 00:13:17.969943, Counts=-1783
2024-11-10 00:13:19,023 - INFO - Datos insertados: Device=motor_encoder, Time=2024-11-10 00:13:18.999391, Counts=271
2024-11-10 00:13:20,055 - INFO - Datos insertados: Device=motor_encoder, Time=2024-11-10 00:13:20.032018, Counts=1293
2024-11-10 00:13:21,086 - INFO - Datos insertados: Device=motor_encoder, Time=2024-11-10 00:13:21.061286, Counts=2366
2024-11-10 00:13:22,107 - INFO - Datos insertados: Device=motor_encoder, Time=2024-11-10 00:13:22.078422, Counts=-58
2024-11-10 00:13:23,105 - INFO - Datos insertados: Device=motor_encoder, Time=2024-11-10 00:13:23.081273, Counts=-58
2024-11-10 00:13:24,113 - INFO - Datos insertados: Device=motor_encoder, Time=2024-11-10 00:13:24.089847, Counts=-58
2024-11-10 00:13:25,116 - INFO - Datos insertados: Device=motor_encoder, Time=2024-11-10 00:13:25.091838, Counts=-58
2024-11-10 00:13:26,109 - INFO - Datos insertados: Device=motor_encoder, Time=2024-11-10 00:13:26.084562, Counts=-58
2024-11-10 00:13:27,114 - INFO - Datos insertados: Device=motor_encoder, Time=2024-11-10 00:13:27.088435, Counts=-58
2024-11-10 00:13:28,112 - INFO - Datos insertados: Device=motor_encoder, Time=2024-11-10 00:13:28.088889, Counts=-58
2024-11-10 00:13:29,127 - INFO - Datos insertados: Device=motor_encoder, Time=2024-11-10 00:13:29.100654, Counts=-58
2024-11-10 00:13:30,116 - INFO - Datos insertados: Device=motor_encoder, Time=2024-11-10 00:13:30.094414, Counts=-58
2024-11-10 00:13:31,121 - INFO - Datos insertados: Device=motor_encoder, Time=2024-11-10 00:13:31.097805, Counts=-58
2024-11-10 00:13:32,181 - INFO - Datos insertados: Device=motor_encoder, Time=2024-11-10 00:13:32.158641, Counts=-58
2024-11-10 00:13:33,172 - INFO - Datos insertados: Device=motor_encoder, Time=2024-11-10 00:13:33.108788, Counts=-58
2024-11-10 00:13:34,128 - INFO - Datos insertados: Device=motor_encoder, Time=2024-11-10 00:13:34.105558, Counts=-58
2024-11-10 00:13:35,162 - INFO - Datos insertados: Device=motor_encoder, Time=2024-11-10 00:13:35.136633, Counts=-58
2024-11-10 00:13:36,128 - INFO - Datos insertados: Device=motor_encoder, Time=2024-11-10 00:13:36.104602, Counts=-58
2024-11-10 00:13:37,133 - INFO - Datos insertados: Device=motor_encoder, Time=2024-11-10 00:13:37.109493, Counts=-58
2024-11-10 00:13:38,140 - INFO - Datos insertados: Device=motor_encoder, Time=2024-11-10 00:13:38.111976, Counts=-58
2024-11-10 00:13:39,142 - INFO - Datos insertados: Device=motor_encoder, Time=2024-11-10 00:13:39.118091, Counts=-58
2024-11-10 00:13:40,143 - INFO - Datos insertados: Device=motor_encoder, Time=2024-11-10 00:13:40.112960, Counts=-58
2024-11-10 00:13:41,138 - INFO - Datos insertados: Device=motor_encoder, Time=2024-11-10 00:13:41.114684, Counts=-58
2024-11-10 00:13:42,149 - INFO - Datos insertados: Device=motor_encoder, Time=2024-11-10 00:13:42.124823, Counts=-58
2024-11-10 00:13:43,147 - INFO - Datos insertados: Device=motor_encoder, Time=2024-11-10 00:13:43.123900, Counts=-58
2024-11-10 00:13:44,155 - INFO - Datos insertados: Device=motor_encoder, Time=2024-11-10 00:13:44.133818, Counts=-58
2024-11-10 00:13:45,147 - INFO - Datos insertados: Device=motor_encoder, Time=2024-11-10 00:13:45.124483, Counts=-58
2024-11-10 00:13:46,161 - INFO - Datos insertados: Device=motor_encoder, Time=2024-11-10 00:13:46.134959, Counts=-58
2024-11-10 00:13:47,163 - INFO - Datos insertados: Device=motor_encoder, Time=2024-11-10 00:13:47.140514, Counts=-58
2024-11-10 00:13:48,162 - INFO - Datos insertados: Device=motor_encoder, Time=2024-11-10 00:13:48.138629, Counts=-58
2024-11-10 00:13:49,167 - INFO - Datos insertados: Device=motor_encoder, Time=2024-11-10 00:13:49.142739, Counts=-58
2024-11-10 00:13:50,162 - INFO - Datos insertados: Device=motor_encoder, Time=2024-11-10 00:13:50.139252, Counts=-58
2024-11-10 00:13:51,170 - INFO - Datos insertados: Device=motor_encoder, Time=2024-11-10 00:13:51.134863, Counts=-58
2024-11-10 00:13:52,165 - INFO - Datos insertados: Device=motor_encoder, Time=2024-11-10 00:13:52.137434, Counts=-58
2024-11-10 00:13:53,168 - INFO - Datos insertados: Device=motor_encoder, Time=2024-11-10 00:13:53.142619, Counts=-58
2024-11-10 00:13:54,175 - INFO - Datos insertados: Device=motor_encoder, Time=2024-11-10 00:13:54.149534, Counts=-58
2024-11-10 00:13:55,186 - INFO - Datos insertados: Device=motor_encoder, Time=2024-11-10 00:13:55.160486, Counts=-58
2024-11-10 00:13:56,191 - INFO - Datos insertados: Device=motor_encoder, Time=2024-11-10 00:13:56.158915, Counts=-58
2024-11-10 00:13:57,178 - INFO - Datos insertados: Device=motor_encoder, Time=2024-11-10 00:13:57.151689, Counts=-58
2024-11-10 00:13:58,180 - INFO - Datos insertados: Device=motor_encoder, Time=2024-11-10 00:13:58.154653, Counts=-58
2024-11-10 00:13:59,202 - INFO - Datos insertados: Device=motor_encoder, Time=2024-11-10 00:13:59.177264, Counts=-58
2024-11-10 00:14:00,177 - INFO - Datos insertados: Device=motor_encoder, Time=2024-11-10 00:14:00.152242, Counts=-58
2024-11-10 00:14:01,209 - INFO - Datos insertados: Device=motor_encoder, Time=2024-11-10 00:14:01.180729, Counts=-58
2024-11-10 00:14:02,184 - INFO - Datos insertados: Device=motor_encoder, Time=2024-11-10 00:14:02.159609, Counts=-58
2024-11-10 00:14:03,192 - INFO - Datos insertados: Device=motor_encoder, Time=2024-11-10 00:14:03.166995, Counts=-58
2024-11-10 00:14:04,188 - INFO - Datos insertados: Device=motor_encoder, Time=2024-11-10 00:14:04.161568, Counts=-58
2024-11-10 00:14:05,194 - INFO - Datos insertados: Device=motor_encoder, Time=2024-11-10 00:14:05.169957, Counts=-58
2024-11-10 00:14:06,195 - INFO - Datos insertados: Device=motor_encoder, Time=2024-11-10 00:14:06.172208, Counts=-58
2024-11-10 00:14:07,198 - INFO - Datos insertados: Device=motor_encoder, Time=2024-11-10 00:14:07.174301, Counts=-58
2024-11-10 00:14:08,233 - INFO - Datos insertados: Device=motor_encoder, Time=2024-11-10 00:14:08.210180, Counts=-58
2024-11-10 00:14:09,203 - INFO - Datos insertados: Device=motor_encoder, Time=2024-11-10 00:14:09.174623, Counts=-58
2024-11-10 00:14:10,203 - INFO - Datos insertados: Device=motor_encoder, Time=2024-11-10 00:14:10.178388, Counts=-58
2024-11-10 00:14:11,202 - INFO - Datos insertados: Device=motor_encoder, Time=2024-11-10 00:14:11.175656, Counts=-58
2024-11-10 00:14:12,212 - INFO - Datos insertados: Device=motor_encoder, Time=2024-11-10 00:14:12.185050, Counts=-58
2024-11-10 00:14:13,213 - INFO - Datos insertados: Device=motor_encoder, Time=2024-11-10 00:14:13.188760, Counts=-58
2024-11-10 00:14:14,216 - INFO - Datos insertados: Device=motor_encoder, Time=2024-11-10 00:14:14.187446, Counts=-58
2024-11-10 00:14:15,217 - INFO - Datos insertados: Device=motor_encoder, Time=2024-11-10 00:14:15.191263, Counts=-58
2024-11-10 00:14:16,210 - INFO - Datos insertados: Device=motor_encoder, Time=2024-11-10 00:14:16.185392, Counts=-58
2024-11-10 00:14:17,216 - INFO - Datos insertados: Device=motor_encoder, Time=2024-11-10 00:14:17.190508, Counts=-58
2024-11-10 00:14:18,219 - INFO - Datos insertados: Device=motor_encoder, Time=2024-11-10 00:14:18.196574, Counts=-58
2024-11-10 00:14:19,242 - INFO - Datos insertados: Device=motor_encoder, Time=2024-11-10 00:14:19.218849, Counts=-58
2024-11-10 00:14:20,230 - INFO - Datos insertados: Device=motor_encoder, Time=2024-11-10 00:14:20.199609, Counts=-58
2024-11-10 00:14:21,224 - INFO - Datos insertados: Device=motor_encoder, Time=2024-11-10 00:14:21.199131, Counts=-58
2024-11-10 00:14:22,222 - INFO - Datos insertados: Device=motor_encoder, Time=2024-11-10 00:14:22.197195, Counts=-58
2024-11-10 00:14:23,252 - INFO - Datos insertados: Device=motor_encoder, Time=2024-11-10 00:14:23.227413, Counts=-58
2024-11-10 00:14:24,231 - INFO - Datos insertados: Device=motor_encoder, Time=2024-11-10 00:14:24.203395, Counts=-58
2024-11-10 00:14:25,252 - INFO - Datos insertados: Device=motor_encoder, Time=2024-11-10 00:14:25.220599, Counts=-58
2024-11-10 00:14:26,259 - INFO - Datos insertados: Device=motor_encoder, Time=2024-11-10 00:14:26.234543, Counts=-58
2024-11-10 00:14:27,234 - INFO - Datos insertados: Device=motor_encoder, Time=2024-11-10 00:14:27.209047, Counts=-58
2024-11-10 00:14:28,234 - INFO - Datos insertados: Device=motor_encoder, Time=2024-11-10 00:14:28.209734, Counts=-58
2024-11-10 00:14:29,251 - INFO - Datos insertados: Device=motor_encoder, Time=2024-11-10 00:14:29.226217, Counts=-58
2024-11-10 00:14:30,240 - INFO - Datos insertados: Device=motor_encoder, Time=2024-11-10 00:14:30.218189, Counts=-58
2024-11-10 00:14:31,249 - INFO - Datos insertados: Device=motor_encoder, Time=2024-11-10 00:14:31.221436, Counts=-58
2024-11-10 00:14:32,265 - INFO - Datos insertados: Device=motor_encoder, Time=2024-11-10 00:14:32.241898, Counts=-58
2024-11-10 00:14:33,243 - INFO - Datos insertados: Device=motor_encoder, Time=2024-11-10 00:14:33.218900, Counts=-58
2024-11-10 00:14:34,249 - INFO - Datos insertados: Device=motor_encoder, Time=2024-11-10 00:14:34.224629, Counts=-58
2024-11-10 00:14:35,248 - INFO - Datos insertados: Device=motor_encoder, Time=2024-11-10 00:14:35.222319, Counts=-58
2024-11-10 00:14:36,288 - INFO - Datos insertados: Device=motor_encoder, Time=2024-11-10 00:14:36.226909, Counts=-58
2024-11-10 00:14:37,258 - INFO - Datos insertados: Device=motor_encoder, Time=2024-11-10 00:14:37.232895, Counts=-58
2024-11-10 00:14:38,260 - INFO - Datos insertados: Device=motor_encoder, Time=2024-11-10 00:14:38.235638, Counts=-58
2024-11-10 00:14:39,259 - INFO - Datos insertados: Device=motor_encoder, Time=2024-11-10 00:14:39.233841, Counts=-58
2024-11-10 00:14:40,260 - INFO - Datos insertados: Device=motor_encoder, Time=2024-11-10 00:14:40.232156, Counts=-58
2024-11-10 00:14:41,260 - INFO - Datos insertados: Device=motor_encoder, Time=2024-11-10 00:14:41.236071, Counts=-58
2024-11-10 00:14:42,268 - INFO - Datos insertados: Device=motor_encoder, Time=2024-11-10 00:14:42.243557, Counts=-58
2024-11-10 00:14:43,267 - INFO - Datos insertados: Device=motor_encoder, Time=2024-11-10 00:14:43.242242, Counts=-58
2024-11-10 00:14:44,265 - INFO - Datos insertados: Device=motor_encoder, Time=2024-11-10 00:14:44.241755, Counts=-58
2024-11-10 00:14:45,272 - INFO - Datos insertados: Device=motor_encoder, Time=2024-11-10 00:14:45.247993, Counts=-58
2024-11-10 00:14:46,277 - INFO - Datos insertados: Device=motor_encoder, Time=2024-11-10 00:14:46.253099, Counts=-58
2024-11-10 00:14:47,340 - INFO - Datos insertados: Device=motor_encoder, Time=2024-11-10 00:14:47.273319, Counts=-58
2024-11-10 00:14:48,280 - INFO - Datos insertados: Device=motor_encoder, Time=2024-11-10 00:14:48.254798, Counts=-58
2024-11-10 00:14:49,276 - INFO - Datos insertados: Device=motor_encoder, Time=2024-11-10 00:14:49.251043, Counts=-58
2024-11-10 00:14:50,278 - INFO - Datos insertados: Device=motor_encoder, Time=2024-11-10 00:14:50.252807, Counts=-58
2024-11-10 00:14:51,293 - INFO - Datos insertados: Device=motor_encoder, Time=2024-11-10 00:14:51.268415, Counts=-58
2024-11-10 00:14:52,293 - INFO - Datos insertados: Device=motor_encoder, Time=2024-11-10 00:14:52.260204, Counts=-58
2024-11-10 00:14:53,295 - INFO - Datos insertados: Device=motor_encoder, Time=2024-11-10 00:14:53.265681, Counts=-58
2024-11-10 00:14:54,309 - INFO - Datos insertados: Device=motor_encoder, Time=2024-11-10 00:14:54.283894, Counts=-58
2024-11-10 00:14:55,302 - INFO - Datos insertados: Device=motor_encoder, Time=2024-11-10 00:14:55.277379, Counts=-58
2024-11-10 00:14:56,298 - INFO - Datos insertados: Device=motor_encoder, Time=2024-11-10 00:14:56.273247, Counts=-58
2024-11-10 00:14:57,329 - INFO - Datos insertados: Device=motor_encoder, Time=2024-11-10 00:14:57.269557, Counts=-58
2024-11-10 00:14:58,300 - INFO - Datos insertados: Device=motor_encoder, Time=2024-11-10 00:14:58.274521, Counts=-58
2024-11-10 00:14:59,300 - INFO - Datos insertados: Device=motor_encoder, Time=2024-11-10 00:14:59.277399, Counts=-58
2024-11-10 00:15:00,301 - INFO - Datos insertados: Device=motor_encoder, Time=2024-11-10 00:15:00.276917, Counts=-58
2024-11-10 00:15:01,304 - INFO - Datos insertados: Device=motor_encoder, Time=2024-11-10 00:15:01.280442, Counts=-58
2024-11-10 00:15:02,303 - INFO - Datos insertados: Device=motor_encoder, Time=2024-11-10 00:15:02.279657, Counts=-58
2024-11-10 00:15:03,314 - INFO - Datos insertados: Device=motor_encoder, Time=2024-11-10 00:15:03.286108, Counts=-58
2024-11-10 00:15:04,324 - INFO - Datos insertados: Device=motor_encoder, Time=2024-11-10 00:15:04.299213, Counts=-58
2024-11-10 00:15:05,311 - INFO - Datos insertados: Device=motor_encoder, Time=2024-11-10 00:15:05.284642, Counts=-58
2024-11-10 00:15:06,343 - INFO - Datos insertados: Device=motor_encoder, Time=2024-11-10 00:15:06.314224, Counts=-58
2024-11-10 00:15:07,319 - INFO - Datos insertados: Device=motor_encoder, Time=2024-11-10 00:15:07.288442, Counts=-58
2024-11-10 00:15:08,316 - INFO - Datos insertados: Device=motor_encoder, Time=2024-11-10 00:15:08.290694, Counts=-58
2024-11-10 00:15:09,320 - INFO - Datos insertados: Device=motor_encoder, Time=2024-11-10 00:15:09.292577, Counts=-58
2024-11-10 00:15:10,352 - INFO - Datos insertados: Device=motor_encoder, Time=2024-11-10 00:15:10.323444, Counts=-58
2024-11-10 00:15:11,327 - INFO - Datos insertados: Device=motor_encoder, Time=2024-11-10 00:15:11.301693, Counts=-58
2024-11-10 00:15:12,325 - INFO - Datos insertados: Device=motor_encoder, Time=2024-11-10 00:15:12.299581, Counts=-58
2024-11-10 00:15:13,326 - INFO - Datos insertados: Device=motor_encoder, Time=2024-11-10 00:15:13.300099, Counts=-58
2024-11-10 00:15:14,337 - INFO - Datos insertados: Device=motor_encoder, Time=2024-11-10 00:15:14.311777, Counts=-58
2024-11-10 00:15:15,330 - INFO - Datos insertados: Device=motor_encoder, Time=2024-11-10 00:15:15.306753, Counts=-58
2024-11-10 00:15:16,332 - INFO - Datos insertados: Device=motor_encoder, Time=2024-11-10 00:15:16.306669, Counts=-58
2024-11-10 00:15:17,336 - INFO - Datos insertados: Device=motor_encoder, Time=2024-11-10 00:15:17.312703, Counts=-58
2024-11-10 00:15:18,347 - INFO - Datos insertados: Device=motor_encoder, Time=2024-11-10 00:15:18.322876, Counts=-58
2024-11-10 00:15:19,344 - INFO - Datos insertados: Device=motor_encoder, Time=2024-11-10 00:15:19.318993, Counts=-58
2024-11-10 00:15:20,342 - INFO - Datos insertados: Device=motor_encoder, Time=2024-11-10 00:15:20.314798, Counts=-58
2024-11-10 00:15:21,353 - INFO - Datos insertados: Device=motor_encoder, Time=2024-11-10 00:15:21.324380, Counts=-58
2024-11-10 00:15:22,350 - INFO - Datos insertados: Device=motor_encoder, Time=2024-11-10 00:15:22.325178, Counts=-58
2024-11-10 00:15:23,356 - INFO - Datos insertados: Device=motor_encoder, Time=2024-11-10 00:15:23.330497, Counts=-58
2024-11-10 00:15:24,352 - INFO - Datos insertados: Device=motor_encoder, Time=2024-11-10 00:15:24.327381, Counts=-58
2024-11-10 00:15:25,369 - INFO - Datos insertados: Device=motor_encoder, Time=2024-11-10 00:15:25.343690, Counts=-58
2024-11-10 00:15:26,360 - INFO - Datos insertados: Device=motor_encoder, Time=2024-11-10 00:15:26.336001, Counts=-58
2024-11-10 00:15:27,373 - INFO - Datos insertados: Device=motor_encoder, Time=2024-11-10 00:15:27.346870, Counts=-58
2024-11-10 00:15:28,388 - INFO - Datos insertados: Device=motor_encoder, Time=2024-11-10 00:15:28.364902, Counts=-58
2024-11-10 00:15:29,365 - INFO - Datos insertados: Device=motor_encoder, Time=2024-11-10 00:15:29.340960, Counts=-58
2024-11-10 00:15:30,382 - INFO - Datos insertados: Device=motor_encoder, Time=2024-11-10 00:15:30.358106, Counts=-58
2024-11-10 00:15:31,381 - INFO - Datos insertados: Device=motor_encoder, Time=2024-11-10 00:15:31.357319, Counts=-58
2024-11-10 00:15:32,403 - INFO - Datos insertados: Device=motor_encoder, Time=2024-11-10 00:15:32.374278, Counts=-58
2024-11-10 00:15:33,373 - INFO - Datos insertados: Device=motor_encoder, Time=2024-11-10 00:15:33.346347, Counts=-58
2024-11-10 00:15:34,369 - INFO - Datos insertados: Device=motor_encoder, Time=2024-11-10 00:15:34.342104, Counts=-58
2024-11-10 00:15:35,367 - INFO - Datos insertados: Device=motor_encoder, Time=2024-11-10 00:15:35.342096, Counts=-58
2024-11-10 00:15:36,374 - INFO - Datos insertados: Device=motor_encoder, Time=2024-11-10 00:15:36.350193, Counts=-58
2024-11-10 00:15:37,375 - INFO - Datos insertados: Device=motor_encoder, Time=2024-11-10 00:15:37.351781, Counts=-58
2024-11-10 00:15:38,373 - INFO - Datos insertados: Device=motor_encoder, Time=2024-11-10 00:15:38.349734, Counts=-58
2024-11-10 00:15:39,393 - INFO - Datos insertados: Device=motor_encoder, Time=2024-11-10 00:15:39.369466, Counts=-58
2024-11-10 00:15:40,384 - INFO - Datos insertados: Device=motor_encoder, Time=2024-11-10 00:15:40.353121, Counts=-58
2024-11-10 00:15:41,379 - INFO - Datos insertados: Device=motor_encoder, Time=2024-11-10 00:15:41.354440, Counts=-58
2024-11-10 00:15:42,391 - INFO - Datos insertados: Device=motor_encoder, Time=2024-11-10 00:15:42.365027, Counts=-58
2024-11-10 00:15:43,392 - INFO - Datos insertados: Device=motor_encoder, Time=2024-11-10 00:15:43.368184, Counts=-58
2024-11-10 00:15:44,386 - INFO - Datos insertados: Device=motor_encoder, Time=2024-11-10 00:15:44.360239, Counts=-58
2024-11-10 00:15:45,391 - INFO - Datos insertados: Device=motor_encoder, Time=2024-11-10 00:15:45.363516, Counts=-58
2024-11-10 00:15:46,388 - INFO - Datos insertados: Device=motor_encoder, Time=2024-11-10 00:15:46.364724, Counts=-58
2024-11-10 00:15:47,408 - INFO - Datos insertados: Device=motor_encoder, Time=2024-11-10 00:15:47.384838, Counts=-58
2024-11-10 00:15:48,397 - INFO - Datos insertados: Device=motor_encoder, Time=2024-11-10 00:15:48.369301, Counts=-58
2024-11-10 00:15:49,395 - INFO - Datos insertados: Device=motor_encoder, Time=2024-11-10 00:15:49.370279, Counts=-58
2024-11-10 00:15:50,417 - INFO - Datos insertados: Device=motor_encoder, Time=2024-11-10 00:15:50.383179, Counts=-58
2024-11-10 00:15:51,404 - INFO - Datos insertados: Device=motor_encoder, Time=2024-11-10 00:15:51.379074, Counts=-58
2024-11-10 00:15:52,407 - INFO - Datos insertados: Device=motor_encoder, Time=2024-11-10 00:15:52.378093, Counts=-58
2024-11-10 00:15:53,404 - INFO - Datos insertados: Device=motor_encoder, Time=2024-11-10 00:15:53.379180, Counts=-58
2024-11-10 00:15:54,418 - INFO - Datos insertados: Device=motor_encoder, Time=2024-11-10 00:15:54.392470, Counts=-58
2024-11-10 00:15:55,416 - INFO - Datos insertados: Device=motor_encoder, Time=2024-11-10 00:15:55.382706, Counts=-58
2024-11-10 00:15:56,426 - INFO - Datos insertados: Device=motor_encoder, Time=2024-11-10 00:15:56.400420, Counts=-58
2024-11-10 00:15:57,419 - INFO - Datos insertados: Device=motor_encoder, Time=2024-11-10 00:15:57.392303, Counts=-58
2024-11-10 00:15:58,418 - INFO - Datos insertados: Device=motor_encoder, Time=2024-11-10 00:15:58.392710, Counts=-58
2024-11-10 00:15:59,421 - INFO - Datos insertados: Device=motor_encoder, Time=2024-11-10 00:15:59.392360, Counts=-58
2024-11-10 00:16:00,419 - INFO - Datos insertados: Device=motor_encoder, Time=2024-11-10 00:16:00.396193, Counts=-58
2024-11-10 00:16:01,443 - INFO - Datos insertados: Device=motor_encoder, Time=2024-11-10 00:16:01.413565, Counts=-58
2024-11-10 00:16:02,441 - INFO - Datos insertados: Device=motor_encoder, Time=2024-11-10 00:16:02.417401, Counts=-58
2024-11-10 00:16:03,427 - INFO - Datos insertados: Device=motor_encoder, Time=2024-11-10 00:16:03.402321, Counts=-58
2024-11-10 00:16:04,433 - INFO - Datos insertados: Device=motor_encoder, Time=2024-11-10 00:16:04.408205, Counts=-58
2024-11-10 00:16:05,436 - INFO - Datos insertados: Device=motor_encoder, Time=2024-11-10 00:16:05.410132, Counts=-58
2024-11-10 00:16:06,435 - INFO - Datos insertados: Device=motor_encoder, Time=2024-11-10 00:16:06.405039, Counts=-58
2024-11-10 00:16:07,441 - INFO - Datos insertados: Device=motor_encoder, Time=2024-11-10 00:16:07.415867, Counts=-58
2024-11-10 00:16:08,694 - INFO - Datos insertados: Device=motor_encoder, Time=2024-11-10 00:16:08.426167, Counts=-58
2024-11-10 00:16:09,440 - INFO - Datos insertados: Device=motor_encoder, Time=2024-11-10 00:16:09.416794, Counts=-58
2024-11-10 00:16:10,443 - INFO - Datos insertados: Device=motor_encoder, Time=2024-11-10 00:16:10.414006, Counts=-58
2024-11-10 00:16:11,456 - INFO - Datos insertados: Device=motor_encoder, Time=2024-11-10 00:16:11.430852, Counts=-58
2024-11-10 00:16:12,453 - INFO - Datos insertados: Device=motor_encoder, Time=2024-11-10 00:16:12.427003, Counts=-58
2024-11-10 00:16:13,442 - INFO - Datos insertados: Device=motor_encoder, Time=2024-11-10 00:16:13.418706, Counts=-58
2024-11-10 00:16:14,456 - INFO - Datos insertados: Device=motor_encoder, Time=2024-11-10 00:16:14.428469, Counts=-58
2024-11-10 00:16:15,450 - INFO - Datos insertados: Device=motor_encoder, Time=2024-11-10 00:16:15.426172, Counts=-58
2024-11-10 00:16:16,458 - INFO - Datos insertados: Device=motor_encoder, Time=2024-11-10 00:16:16.433276, Counts=-58
2024-11-10 00:16:17,462 - INFO - Datos insertados: Device=motor_encoder, Time=2024-11-10 00:16:17.436328, Counts=-58
2024-11-10 00:16:18,462 - INFO - Datos insertados: Device=motor_encoder, Time=2024-11-10 00:16:18.437007, Counts=-58
2024-11-10 00:16:19,460 - INFO - Datos insertados: Device=motor_encoder, Time=2024-11-10 00:16:19.437012, Counts=-58
2024-11-10 00:16:20,457 - INFO - Datos insertados: Device=motor_encoder, Time=2024-11-10 00:16:20.433782, Counts=-58
2024-11-10 00:16:21,473 - INFO - Datos insertados: Device=motor_encoder, Time=2024-11-10 00:16:21.449550, Counts=-58
2024-11-10 00:16:22,474 - INFO - Datos insertados: Device=motor_encoder, Time=2024-11-10 00:16:22.449091, Counts=-58
2024-11-10 00:18:08,537 - INFO - Datos insertados: Device=motor_encoder, Time=2024-11-10 00:18:08.515900, Counts=-1
2024-11-10 00:18:08,597 - INFO - Datos insertados: Device=motor_encoder, Time=2024-11-10 00:18:08.573109, Counts=-4
2024-11-10 00:18:08,643 - INFO - Datos insertados: Device=motor_encoder, Time=2024-11-10 00:18:08.618098, Counts=-7
2024-11-10 00:18:08,712 - INFO - Datos insertados: Device=motor_encoder, Time=2024-11-10 00:18:08.690079, Counts=-12
2024-11-10 00:18:08,759 - INFO - Datos insertados: Device=motor_encoder, Time=2024-11-10 00:18:08.738598, Counts=-15
2024-11-10 00:18:09,245 - INFO - Datos insertados: Device=motor_encoder, Time=2024-11-10 00:18:09.223069, Counts=-16
2024-11-10 00:18:09,446 - INFO - Datos insertados: Device=motor_encoder, Time=2024-11-10 00:18:09.417087, Counts=-21
2024-11-10 00:18:09,838 - INFO - Datos insertados: Device=motor_encoder, Time=2024-11-10 00:18:09.812912, Counts=-24
2024-11-10 00:18:09,919 - INFO - Datos insertados: Device=motor_encoder, Time=2024-11-10 00:18:09.895276, Counts=-28
2024-11-10 00:18:09,951 - INFO - Datos insertados: Device=motor_encoder, Time=2024-11-10 00:18:09.928401, Counts=-32
2024-11-10 00:18:10,209 - INFO - Datos insertados: Device=motor_encoder, Time=2024-11-10 00:18:10.183580, Counts=-33
2024-11-10 00:18:10,261 - INFO - Datos insertados: Device=motor_encoder, Time=2024-11-10 00:18:10.236562, Counts=-37
2024-11-10 00:18:10,321 - INFO - Datos insertados: Device=motor_encoder, Time=2024-11-10 00:18:10.299531, Counts=-43
2024-11-10 00:18:10,680 - INFO - Datos insertados: Device=motor_encoder, Time=2024-11-10 00:18:10.655473, Counts=-46
2024-11-10 00:18:10,761 - INFO - Datos insertados: Device=motor_encoder, Time=2024-11-10 00:18:10.736866, Counts=-52
2024-11-10 00:18:10,792 - INFO - Datos insertados: Device=motor_encoder, Time=2024-11-10 00:18:10.770337, Counts=-58
2024-11-10 00:18:27,004 - INFO - Datos insertados: Device=motor_encoder, Time=2024-11-10 00:18:26.978456, Counts=-57
2024-11-10 00:18:27,075 - INFO - Datos insertados: Device=motor_encoder, Time=2024-11-10 00:18:27.050326, Counts=-49
2024-11-10 00:18:27,369 - INFO - Datos insertados: Device=motor_encoder, Time=2024-11-10 00:18:27.346217, Counts=-44
2024-11-10 00:18:27,429 - INFO - Datos insertados: Device=motor_encoder, Time=2024-11-10 00:18:27.405729, Counts=-37
2024-11-10 00:18:27,757 - INFO - Datos insertados: Device=motor_encoder, Time=2024-11-10 00:18:27.733240, Counts=-30
2024-11-10 00:18:27,804 - INFO - Datos insertados: Device=motor_encoder, Time=2024-11-10 00:18:27.778841, Counts=-20
2024-11-10 00:18:28,177 - INFO - Datos insertados: Device=motor_encoder, Time=2024-11-10 00:18:28.151575, Counts=-12
2024-11-10 00:18:28,244 - INFO - Datos insertados: Device=motor_encoder, Time=2024-11-10 00:18:28.220479, Counts=-6
2024-11-10 00:18:36,703 - INFO - Datos insertados: Device=motor_encoder, Time=2024-11-10 00:18:36.681372, Counts=-7
2024-11-10 00:18:36,752 - INFO - Datos insertados: Device=motor_encoder, Time=2024-11-10 00:18:36.727169, Counts=-30
2024-11-10 00:18:36,800 - INFO - Datos insertados: Device=motor_encoder, Time=2024-11-10 00:18:36.777526, Counts=-64
2024-11-10 00:18:36,861 - INFO - Datos insertados: Device=motor_encoder, Time=2024-11-10 00:18:36.838445, Counts=-107
2024-11-10 00:18:36,902 - INFO - Datos insertados: Device=motor_encoder, Time=2024-11-10 00:18:36.878162, Counts=-157
2024-11-10 00:18:36,975 - INFO - Datos insertados: Device=motor_encoder, Time=2024-11-10 00:18:36.947047, Counts=-204
2024-11-10 00:18:37,022 - INFO - Datos insertados: Device=motor_encoder, Time=2024-11-10 00:18:36.997532, Counts=-256
2024-11-10 00:18:37,062 - INFO - Datos insertados: Device=motor_encoder, Time=2024-11-10 00:18:37.040274, Counts=-304
2024-11-10 00:18:37,107 - INFO - Datos insertados: Device=motor_encoder, Time=2024-11-10 00:18:37.085705, Counts=-356
2024-11-10 00:18:37,190 - INFO - Datos insertados: Device=motor_encoder, Time=2024-11-10 00:18:37.136236, Counts=-405
2024-11-10 00:18:37,224 - INFO - Datos insertados: Device=motor_encoder, Time=2024-11-10 00:18:37.202044, Counts=-457
2024-11-10 00:18:37,255 - INFO - Datos insertados: Device=motor_encoder, Time=2024-11-10 00:18:37.233522, Counts=-504
2024-11-10 00:18:37,307 - INFO - Datos insertados: Device=motor_encoder, Time=2024-11-10 00:18:37.285382, Counts=-556
2024-11-10 00:18:37,365 - INFO - Datos insertados: Device=motor_encoder, Time=2024-11-10 00:18:37.343767, Counts=-604
2024-11-10 00:18:37,433 - INFO - Datos insertados: Device=motor_encoder, Time=2024-11-10 00:18:37.408461, Counts=-656
2024-11-10 00:18:37,479 - INFO - Datos insertados: Device=motor_encoder, Time=2024-11-10 00:18:37.458410, Counts=-704
2024-11-10 00:18:37,524 - INFO - Datos insertados: Device=motor_encoder, Time=2024-11-10 00:18:37.502585, Counts=-755
2024-11-10 00:18:37,555 - INFO - Datos insertados: Device=motor_encoder, Time=2024-11-10 00:18:37.533993, Counts=-803
2024-11-10 00:18:37,608 - INFO - Datos insertados: Device=motor_encoder, Time=2024-11-10 00:18:37.588166, Counts=-855
2024-11-10 00:18:37,674 - INFO - Datos insertados: Device=motor_encoder, Time=2024-11-10 00:18:37.643417, Counts=-904
2024-11-10 00:18:37,722 - INFO - Datos insertados: Device=motor_encoder, Time=2024-11-10 00:18:37.695921, Counts=-954
2024-11-10 00:18:37,767 - INFO - Datos insertados: Device=motor_encoder, Time=2024-11-10 00:18:37.744240, Counts=-1003
2024-11-10 00:18:37,821 - INFO - Datos insertados: Device=motor_encoder, Time=2024-11-10 00:18:37.794113, Counts=-1053
2024-11-10 00:18:37,875 - INFO - Datos insertados: Device=motor_encoder, Time=2024-11-10 00:18:37.851297, Counts=-1102
2024-11-10 00:18:37,935 - INFO - Datos insertados: Device=motor_encoder, Time=2024-11-10 00:18:37.911381, Counts=-1152
2024-11-10 00:18:37,974 - INFO - Datos insertados: Device=motor_encoder, Time=2024-11-10 00:18:37.946652, Counts=-1201
2024-11-10 00:18:38,031 - INFO - Datos insertados: Device=motor_encoder, Time=2024-11-10 00:18:38.006854, Counts=-1249
2024-11-10 00:18:38,086 - INFO - Datos insertados: Device=motor_encoder, Time=2024-11-10 00:18:38.062399, Counts=-1299
2024-11-10 00:18:38,131 - INFO - Datos insertados: Device=motor_encoder, Time=2024-11-10 00:18:38.110045, Counts=-1346
2024-11-10 00:18:38,178 - INFO - Datos insertados: Device=motor_encoder, Time=2024-11-10 00:18:38.155603, Counts=-1395
2024-11-10 00:18:38,224 - INFO - Datos insertados: Device=motor_encoder, Time=2024-11-10 00:18:38.202304, Counts=-1443
2024-11-10 00:18:38,291 - INFO - Datos insertados: Device=motor_encoder, Time=2024-11-10 00:18:38.263260, Counts=-1493
2024-11-10 00:18:38,341 - INFO - Datos insertados: Device=motor_encoder, Time=2024-11-10 00:18:38.317542, Counts=-1539
2024-11-10 00:18:38,380 - INFO - Datos insertados: Device=motor_encoder, Time=2024-11-10 00:18:38.355054, Counts=-1588
2024-11-10 00:18:38,466 - INFO - Datos insertados: Device=motor_encoder, Time=2024-11-10 00:18:38.437646, Counts=-1636
2024-11-10 00:18:38,500 - INFO - Datos insertados: Device=motor_encoder, Time=2024-11-10 00:18:38.475745, Counts=-1685
2024-11-10 00:18:38,539 - INFO - Datos insertados: Device=motor_encoder, Time=2024-11-10 00:18:38.510961, Counts=-1733
2024-11-10 00:18:38,583 - INFO - Datos insertados: Device=motor_encoder, Time=2024-11-10 00:18:38.559117, Counts=-1782
2024-11-10 00:18:38,635 - INFO - Datos insertados: Device=motor_encoder, Time=2024-11-10 00:18:38.609092, Counts=-1831
2024-11-10 00:18:38,682 - INFO - Datos insertados: Device=motor_encoder, Time=2024-11-10 00:18:38.659178, Counts=-1879
2024-11-10 00:18:38,733 - INFO - Datos insertados: Device=motor_encoder, Time=2024-11-10 00:18:38.711209, Counts=-1929
2024-11-10 00:18:38,781 - INFO - Datos insertados: Device=motor_encoder, Time=2024-11-10 00:18:38.761692, Counts=-1976
2024-11-10 00:18:38,841 - INFO - Datos insertados: Device=motor_encoder, Time=2024-11-10 00:18:38.814082, Counts=-2026
2024-11-10 00:18:38,884 - INFO - Datos insertados: Device=motor_encoder, Time=2024-11-10 00:18:38.863352, Counts=-2073
2024-11-10 00:18:38,936 - INFO - Datos insertados: Device=motor_encoder, Time=2024-11-10 00:18:38.915039, Counts=-2123
2024-11-10 00:18:38,988 - INFO - Datos insertados: Device=motor_encoder, Time=2024-11-10 00:18:38.967140, Counts=-2170
2024-11-10 00:18:39,039 - INFO - Datos insertados: Device=motor_encoder, Time=2024-11-10 00:18:39.017025, Counts=-2220
2024-11-10 00:18:39,093 - INFO - Datos insertados: Device=motor_encoder, Time=2024-11-10 00:18:39.068161, Counts=-2268
2024-11-10 00:18:39,141 - INFO - Datos insertados: Device=motor_encoder, Time=2024-11-10 00:18:39.120330, Counts=-2319
2024-11-10 00:18:39,192 - INFO - Datos insertados: Device=motor_encoder, Time=2024-11-10 00:18:39.171456, Counts=-2366
2024-11-10 00:18:39,254 - INFO - Datos insertados: Device=motor_encoder, Time=2024-11-10 00:18:39.232086, Counts=-6
2024-11-10 00:18:39,306 - INFO - Datos insertados: Device=motor_encoder, Time=2024-11-10 00:18:39.282327, Counts=19
2024-11-10 00:18:39,355 - INFO - Datos insertados: Device=motor_encoder, Time=2024-11-10 00:18:39.333687, Counts=59
2024-11-10 00:18:39,411 - INFO - Datos insertados: Device=motor_encoder, Time=2024-11-10 00:18:39.384354, Counts=102
2024-11-10 00:18:39,476 - INFO - Datos insertados: Device=motor_encoder, Time=2024-11-10 00:18:39.449857, Counts=153
2024-11-10 00:18:39,522 - INFO - Datos insertados: Device=motor_encoder, Time=2024-11-10 00:18:39.497566, Counts=203
2024-11-10 00:18:39,580 - INFO - Datos insertados: Device=motor_encoder, Time=2024-11-10 00:18:39.558390, Counts=257
2024-11-10 00:18:39,615 - INFO - Datos insertados: Device=motor_encoder, Time=2024-11-10 00:18:39.591250, Counts=310
2024-11-10 00:18:39,673 - INFO - Datos insertados: Device=motor_encoder, Time=2024-11-10 00:18:39.646390, Counts=365
2024-11-10 00:18:39,737 - INFO - Datos insertados: Device=motor_encoder, Time=2024-11-10 00:18:39.713601, Counts=418
2024-11-10 00:18:39,772 - INFO - Datos insertados: Device=motor_encoder, Time=2024-11-10 00:18:39.749398, Counts=472
2024-11-10 00:18:39,825 - INFO - Datos insertados: Device=motor_encoder, Time=2024-11-10 00:18:39.801191, Counts=523
2024-11-10 00:18:39,883 - INFO - Datos insertados: Device=motor_encoder, Time=2024-11-10 00:18:39.860061, Counts=577
2024-11-10 00:18:39,922 - INFO - Datos insertados: Device=motor_encoder, Time=2024-11-10 00:18:39.894321, Counts=630
2024-11-10 00:18:39,974 - INFO - Datos insertados: Device=motor_encoder, Time=2024-11-10 00:18:39.949076, Counts=683
2024-11-10 00:18:40,020 - INFO - Datos insertados: Device=motor_encoder, Time=2024-11-10 00:18:39.999076, Counts=736
2024-11-10 00:18:40,074 - INFO - Datos insertados: Device=motor_encoder, Time=2024-11-10 00:18:40.051602, Counts=789
2024-11-10 00:18:40,123 - INFO - Datos insertados: Device=motor_encoder, Time=2024-11-10 00:18:40.101364, Counts=840
2024-11-10 00:18:40,181 - INFO - Datos insertados: Device=motor_encoder, Time=2024-11-10 00:18:40.159163, Counts=892
2024-11-10 00:18:40,228 - INFO - Datos insertados: Device=motor_encoder, Time=2024-11-10 00:18:40.205645, Counts=943
2024-11-10 00:18:40,280 - INFO - Datos insertados: Device=motor_encoder, Time=2024-11-10 00:18:40.256683, Counts=996
2024-11-10 00:18:40,341 - INFO - Datos insertados: Device=motor_encoder, Time=2024-11-10 00:18:40.320983, Counts=1049
2024-11-10 00:18:40,386 - INFO - Datos insertados: Device=motor_encoder, Time=2024-11-10 00:18:40.364452, Counts=1102
2024-11-10 00:18:40,431 - INFO - Datos insertados: Device=motor_encoder, Time=2024-11-10 00:18:40.408346, Counts=1154
2024-11-10 00:18:40,521 - INFO - Datos insertados: Device=motor_encoder, Time=2024-11-10 00:18:40.466785, Counts=1207
2024-11-10 00:18:40,550 - INFO - Datos insertados: Device=motor_encoder, Time=2024-11-10 00:18:40.529143, Counts=1258
2024-11-10 00:18:40,587 - INFO - Datos insertados: Device=motor_encoder, Time=2024-11-10 00:18:40.565857, Counts=1310
2024-11-10 00:18:40,647 - INFO - Datos insertados: Device=motor_encoder, Time=2024-11-10 00:18:40.623860, Counts=1362
2024-11-10 00:18:40,699 - INFO - Datos insertados: Device=motor_encoder, Time=2024-11-10 00:18:40.675499, Counts=1415
2024-11-10 00:18:40,760 - INFO - Datos insertados: Device=motor_encoder, Time=2024-11-10 00:18:40.732562, Counts=1469
2024-11-10 00:18:40,846 - INFO - Datos insertados: Device=motor_encoder, Time=2024-11-10 00:18:40.820350, Counts=1523
2024-11-10 00:18:40,877 - INFO - Datos insertados: Device=motor_encoder, Time=2024-11-10 00:18:40.855527, Counts=1574
2024-11-10 00:18:40,920 - INFO - Datos insertados: Device=motor_encoder, Time=2024-11-10 00:18:40.896397, Counts=1627
2024-11-10 00:18:40,951 - INFO - Datos insertados: Device=motor_encoder, Time=2024-11-10 00:18:40.929659, Counts=1681
2024-11-10 00:18:40,994 - INFO - Datos insertados: Device=motor_encoder, Time=2024-11-10 00:18:40.972394, Counts=1736
2024-11-10 00:18:41,044 - INFO - Datos insertados: Device=motor_encoder, Time=2024-11-10 00:18:41.017198, Counts=1790
2024-11-10 00:18:41,097 - INFO - Datos insertados: Device=motor_encoder, Time=2024-11-10 00:18:41.076201, Counts=1845
2024-11-10 00:18:41,144 - INFO - Datos insertados: Device=motor_encoder, Time=2024-11-10 00:18:41.119195, Counts=1899
2024-11-10 00:18:41,194 - INFO - Datos insertados: Device=motor_encoder, Time=2024-11-10 00:18:41.173085, Counts=1954
2024-11-10 00:18:41,257 - INFO - Datos insertados: Device=motor_encoder, Time=2024-11-10 00:18:41.235682, Counts=2008
2024-11-10 00:18:41,306 - INFO - Datos insertados: Device=motor_encoder, Time=2024-11-10 00:18:41.280338, Counts=2064
2024-11-10 00:18:41,343 - INFO - Datos insertados: Device=motor_encoder, Time=2024-11-10 00:18:41.323890, Counts=2119
2024-11-10 00:18:41,402 - INFO - Datos insertados: Device=motor_encoder, Time=2024-11-10 00:18:41.380889, Counts=2175
2024-11-10 00:18:41,450 - INFO - Datos insertados: Device=motor_encoder, Time=2024-11-10 00:18:41.426920, Counts=2231
2024-11-10 00:18:41,495 - INFO - Datos insertados: Device=motor_encoder, Time=2024-11-10 00:18:41.474900, Counts=2286
2024-11-10 00:18:41,548 - INFO - Datos insertados: Device=motor_encoder, Time=2024-11-10 00:18:41.526037, Counts=2342
2024-11-10 00:18:41,611 - INFO - Datos insertados: Device=motor_encoder, Time=2024-11-10 00:18:41.576891, Counts=2397
2024-11-10 00:18:41,652 - INFO - Datos insertados: Device=motor_encoder, Time=2024-11-10 00:18:41.629176, Counts=-1
2024-11-10 00:18:41,706 - INFO - Datos insertados: Device=motor_encoder, Time=2024-11-10 00:18:41.682511, Counts=-37
2024-11-10 00:18:41,757 - INFO - Datos insertados: Device=motor_encoder, Time=2024-11-10 00:18:41.734151, Counts=-77
2024-11-10 00:18:41,820 - INFO - Datos insertados: Device=motor_encoder, Time=2024-11-10 00:18:41.785028, Counts=-126
2024-11-10 00:18:41,891 - INFO - Datos insertados: Device=motor_encoder, Time=2024-11-10 00:18:41.836226, Counts=-174
2024-11-10 00:18:41,925 - INFO - Datos insertados: Device=motor_encoder, Time=2024-11-10 00:18:41.900836, Counts=-225
2024-11-10 00:18:41,959 - INFO - Datos insertados: Device=motor_encoder, Time=2024-11-10 00:18:41.938113, Counts=-276
2024-11-10 00:18:42,011 - INFO - Datos insertados: Device=motor_encoder, Time=2024-11-10 00:18:41.988568, Counts=-328
2024-11-10 00:18:42,061 - INFO - Datos insertados: Device=motor_encoder, Time=2024-11-10 00:18:42.039144, Counts=-378
2024-11-10 00:18:42,116 - INFO - Datos insertados: Device=motor_encoder, Time=2024-11-10 00:18:42.091841, Counts=-431
2024-11-10 00:18:42,182 - INFO - Datos insertados: Device=motor_encoder, Time=2024-11-10 00:18:42.141587, Counts=-481
2024-11-10 00:18:42,219 - INFO - Datos insertados: Device=motor_encoder, Time=2024-11-10 00:18:42.195057, Counts=-532
2024-11-10 00:18:42,276 - INFO - Datos insertados: Device=motor_encoder, Time=2024-11-10 00:18:42.249761, Counts=-583
2024-11-10 00:18:42,319 - INFO - Datos insertados: Device=motor_encoder, Time=2024-11-10 00:18:42.295500, Counts=-634
2024-11-10 00:18:42,370 - INFO - Datos insertados: Device=motor_encoder, Time=2024-11-10 00:18:42.345915, Counts=-684
2024-11-10 00:18:42,439 - INFO - Datos insertados: Device=motor_encoder, Time=2024-11-10 00:18:42.397078, Counts=-735
2024-11-10 00:18:42,474 - INFO - Datos insertados: Device=motor_encoder, Time=2024-11-10 00:18:42.450790, Counts=-785
2024-11-10 00:18:42,519 - INFO - Datos insertados: Device=motor_encoder, Time=2024-11-10 00:18:42.497888, Counts=-834
2024-11-10 00:18:42,574 - INFO - Datos insertados: Device=motor_encoder, Time=2024-11-10 00:18:42.549117, Counts=-885
2024-11-10 00:18:42,622 - INFO - Datos insertados: Device=motor_encoder, Time=2024-11-10 00:18:42.600014, Counts=-934
2024-11-10 00:18:42,676 - INFO - Datos insertados: Device=motor_encoder, Time=2024-11-10 00:18:42.651808, Counts=-984
2024-11-10 00:18:42,746 - INFO - Datos insertados: Device=motor_encoder, Time=2024-11-10 00:18:42.709419, Counts=-1033
2024-11-10 00:18:42,843 - INFO - Datos insertados: Device=motor_encoder, Time=2024-11-10 00:18:42.815168, Counts=-1083
2024-11-10 00:18:42,882 - INFO - Datos insertados: Device=motor_encoder, Time=2024-11-10 00:18:42.857668, Counts=-1131
2024-11-10 00:18:42,918 - INFO - Datos insertados: Device=motor_encoder, Time=2024-11-10 00:18:42.891106, Counts=-1181
2024-11-10 00:18:42,950 - INFO - Datos insertados: Device=motor_encoder, Time=2024-11-10 00:18:42.925360, Counts=-1229
2024-11-10 00:18:42,995 - INFO - Datos insertados: Device=motor_encoder, Time=2024-11-10 00:18:42.964309, Counts=-1279
2024-11-10 00:18:43,031 - INFO - Datos insertados: Device=motor_encoder, Time=2024-11-10 00:18:43.009224, Counts=-1327
2024-11-10 00:18:43,080 - INFO - Datos insertados: Device=motor_encoder, Time=2024-11-10 00:18:43.058869, Counts=-1376
2024-11-10 00:18:43,130 - INFO - Datos insertados: Device=motor_encoder, Time=2024-11-10 00:18:43.108969, Counts=-1423
2024-11-10 00:18:43,186 - INFO - Datos insertados: Device=motor_encoder, Time=2024-11-10 00:18:43.161970, Counts=-1473
2024-11-10 00:18:43,269 - INFO - Datos insertados: Device=motor_encoder, Time=2024-11-10 00:18:43.231091, Counts=-1521
2024-11-10 00:18:43,298 - INFO - Datos insertados: Device=motor_encoder, Time=2024-11-10 00:18:43.276594, Counts=-1570
2024-11-10 00:18:43,352 - INFO - Datos insertados: Device=motor_encoder, Time=2024-11-10 00:18:43.333169, Counts=-1619
2024-11-10 00:18:43,405 - INFO - Datos insertados: Device=motor_encoder, Time=2024-11-10 00:18:43.383591, Counts=-1668
2024-11-10 00:18:43,442 - INFO - Datos insertados: Device=motor_encoder, Time=2024-11-10 00:18:43.422689, Counts=-1717
2024-11-10 00:18:43,715 - INFO - Datos insertados: Device=motor_encoder, Time=2024-11-10 00:18:43.478801, Counts=-1766
2024-11-10 00:18:43,764 - INFO - Datos insertados: Device=motor_encoder, Time=2024-11-10 00:18:43.727056, Counts=-1816
2024-11-10 00:18:43,798 - INFO - Datos insertados: Device=motor_encoder, Time=2024-11-10 00:18:43.773587, Counts=-1863
2024-11-10 00:18:43,861 - INFO - Datos insertados: Device=motor_encoder, Time=2024-11-10 00:18:43.807781, Counts=-1914
2024-11-10 00:18:43,895 - INFO - Datos insertados: Device=motor_encoder, Time=2024-11-10 00:18:43.873533, Counts=-1961
2024-11-10 00:18:43,924 - INFO - Datos insertados: Device=motor_encoder, Time=2024-11-10 00:18:43.902829, Counts=-2012
2024-11-10 00:18:43,952 - INFO - Datos insertados: Device=motor_encoder, Time=2024-11-10 00:18:43.933492, Counts=-2060
2024-11-10 00:18:44,000 - INFO - Datos insertados: Device=motor_encoder, Time=2024-11-10 00:18:43.960077, Counts=-2111
2024-11-10 00:18:44,028 - INFO - Datos insertados: Device=motor_encoder, Time=2024-11-10 00:18:44.007757, Counts=-2159
2024-11-10 00:18:44,058 - INFO - Datos insertados: Device=motor_encoder, Time=2024-11-10 00:18:44.037531, Counts=-2211
2024-11-10 00:18:44,089 - INFO - Datos insertados: Device=motor_encoder, Time=2024-11-10 00:18:44.065981, Counts=-2260
2024-11-10 00:18:44,118 - INFO - Datos insertados: Device=motor_encoder, Time=2024-11-10 00:18:44.097640, Counts=-2310
2024-11-10 00:18:44,162 - INFO - Datos insertados: Device=motor_encoder, Time=2024-11-10 00:18:44.126613, Counts=-2359
2024-11-10 00:18:44,195 - INFO - Datos insertados: Device=motor_encoder, Time=2024-11-10 00:18:44.170333, Counts=-7
2024-11-10 00:18:44,225 - INFO - Datos insertados: Device=motor_encoder, Time=2024-11-10 00:18:44.203190, Counts=9
2024-11-10 00:18:44,258 - INFO - Datos insertados: Device=motor_encoder, Time=2024-11-10 00:18:44.236836, Counts=47
2024-11-10 00:18:44,310 - INFO - Datos insertados: Device=motor_encoder, Time=2024-11-10 00:18:44.289100, Counts=89
2024-11-10 00:18:44,386 - INFO - Datos insertados: Device=motor_encoder, Time=2024-11-10 00:18:44.351259, Counts=138
2024-11-10 00:18:44,421 - INFO - Datos insertados: Device=motor_encoder, Time=2024-11-10 00:18:44.399194, Counts=189
2024-11-10 00:18:44,484 - INFO - Datos insertados: Device=motor_encoder, Time=2024-11-10 00:18:44.462247, Counts=242
2024-11-10 00:18:44,513 - INFO - Datos insertados: Device=motor_encoder, Time=2024-11-10 00:18:44.493852, Counts=295
2024-11-10 00:18:44,566 - INFO - Datos insertados: Device=motor_encoder, Time=2024-11-10 00:18:44.543792, Counts=348
2024-11-10 00:18:44,618 - INFO - Datos insertados: Device=motor_encoder, Time=2024-11-10 00:18:44.596677, Counts=401
2024-11-10 00:18:44,696 - INFO - Datos insertados: Device=motor_encoder, Time=2024-11-10 00:18:44.659081, Counts=455
2024-11-10 00:18:44,729 - INFO - Datos insertados: Device=motor_encoder, Time=2024-11-10 00:18:44.704963, Counts=507
2024-11-10 00:18:44,788 - INFO - Datos insertados: Device=motor_encoder, Time=2024-11-10 00:18:44.764845, Counts=561
2024-11-10 00:18:44,823 - INFO - Datos insertados: Device=motor_encoder, Time=2024-11-10 00:18:44.799551, Counts=614
2024-11-10 00:18:44,882 - INFO - Datos insertados: Device=motor_encoder, Time=2024-11-10 00:18:44.859054, Counts=667
2024-11-10 00:18:44,939 - INFO - Datos insertados: Device=motor_encoder, Time=2024-11-10 00:18:44.913050, Counts=719
2024-11-10 00:18:44,993 - INFO - Datos insertados: Device=motor_encoder, Time=2024-11-10 00:18:44.970031, Counts=772
2024-11-10 00:18:45,029 - INFO - Datos insertados: Device=motor_encoder, Time=2024-11-10 00:18:45.005325, Counts=824
2024-11-10 00:18:45,090 - INFO - Datos insertados: Device=motor_encoder, Time=2024-11-10 00:18:45.069051, Counts=876
2024-11-10 00:18:45,121 - INFO - Datos insertados: Device=motor_encoder, Time=2024-11-10 00:18:45.102379, Counts=928
2024-11-10 00:18:45,177 - INFO - Datos insertados: Device=motor_encoder, Time=2024-11-10 00:18:45.156928, Counts=981
2024-11-10 00:18:45,231 - INFO - Datos insertados: Device=motor_encoder, Time=2024-11-10 00:18:45.208333, Counts=1033
2024-11-10 00:18:45,285 - INFO - Datos insertados: Device=motor_encoder, Time=2024-11-10 00:18:45.263145, Counts=1086
2024-11-10 00:18:45,334 - INFO - Datos insertados: Device=motor_encoder, Time=2024-11-10 00:18:45.312673, Counts=1137
2024-11-10 00:18:45,383 - INFO - Datos insertados: Device=motor_encoder, Time=2024-11-10 00:18:45.362236, Counts=1190
2024-11-10 00:18:45,437 - INFO - Datos insertados: Device=motor_encoder, Time=2024-11-10 00:18:45.415350, Counts=1242
2024-11-10 00:18:45,492 - INFO - Datos insertados: Device=motor_encoder, Time=2024-11-10 00:18:45.466859, Counts=1295
2024-11-10 00:18:45,588 - INFO - Datos insertados: Device=motor_encoder, Time=2024-11-10 00:18:45.566352, Counts=1347
2024-11-10 00:18:45,616 - INFO - Datos insertados: Device=motor_encoder, Time=2024-11-10 00:18:45.595770, Counts=1401
2024-11-10 00:18:45,681 - INFO - Datos insertados: Device=motor_encoder, Time=2024-11-10 00:18:45.659337, Counts=1454
2024-11-10 00:18:45,709 - INFO - Datos insertados: Device=motor_encoder, Time=2024-11-10 00:18:45.690538, Counts=1507
2024-11-10 00:18:45,741 - INFO - Datos insertados: Device=motor_encoder, Time=2024-11-10 00:18:45.718943, Counts=1558
2024-11-10 00:18:45,793 - INFO - Datos insertados: Device=motor_encoder, Time=2024-11-10 00:18:45.769093, Counts=1611
2024-11-10 00:18:45,842 - INFO - Datos insertados: Device=motor_encoder, Time=2024-11-10 00:18:45.819994, Counts=1665
2024-11-10 00:18:45,898 - INFO - Datos insertados: Device=motor_encoder, Time=2024-11-10 00:18:45.870011, Counts=1718
2024-11-10 00:18:45,948 - INFO - Datos insertados: Device=motor_encoder, Time=2024-11-10 00:18:45.922114, Counts=1772
2024-11-10 00:18:45,998 - INFO - Datos insertados: Device=motor_encoder, Time=2024-11-10 00:18:45.973162, Counts=1827
2024-11-10 00:18:46,052 - INFO - Datos insertados: Device=motor_encoder, Time=2024-11-10 00:18:46.025525, Counts=1881
2024-11-10 00:18:46,099 - INFO - Datos insertados: Device=motor_encoder, Time=2024-11-10 00:18:46.075612, Counts=1936
2024-11-10 00:18:46,146 - INFO - Datos insertados: Device=motor_encoder, Time=2024-11-10 00:18:46.122904, Counts=1989
2024-11-10 00:18:46,200 - INFO - Datos insertados: Device=motor_encoder, Time=2024-11-10 00:18:46.176913, Counts=2045
2024-11-10 00:18:46,248 - INFO - Datos insertados: Device=motor_encoder, Time=2024-11-10 00:18:46.224703, Counts=2100
2024-11-10 00:18:46,305 - INFO - Datos insertados: Device=motor_encoder, Time=2024-11-10 00:18:46.279382, Counts=2156
2024-11-10 00:18:46,356 - INFO - Datos insertados: Device=motor_encoder, Time=2024-11-10 00:18:46.332877, Counts=2212
2024-11-10 00:18:46,426 - INFO - Datos insertados: Device=motor_encoder, Time=2024-11-10 00:18:46.402612, Counts=2268
2024-11-10 00:18:46,472 - INFO - Datos insertados: Device=motor_encoder, Time=2024-11-10 00:18:46.449663, Counts=2324
2024-11-10 00:18:46,537 - INFO - Datos insertados: Device=motor_encoder, Time=2024-11-10 00:18:46.516049, Counts=2380
2024-11-10 00:18:46,617 - INFO - Datos insertados: Device=motor_encoder, Time=2024-11-10 00:18:46.593166, Counts=6
2024-11-10 00:18:46,652 - INFO - Datos insertados: Device=motor_encoder, Time=2024-11-10 00:18:46.626581, Counts=-25
2024-11-10 00:18:46,687 - INFO - Datos insertados: Device=motor_encoder, Time=2024-11-10 00:18:46.661740, Counts=-64
2024-11-10 00:18:46,720 - INFO - Datos insertados: Device=motor_encoder, Time=2024-11-10 00:18:46.696148, Counts=-110
2024-11-10 00:18:46,765 - INFO - Datos insertados: Device=motor_encoder, Time=2024-11-10 00:18:46.741166, Counts=-161
2024-11-10 00:18:46,818 - INFO - Datos insertados: Device=motor_encoder, Time=2024-11-10 00:18:46.796564, Counts=-211
2024-11-10 00:18:46,875 - INFO - Datos insertados: Device=motor_encoder, Time=2024-11-10 00:18:46.850446, Counts=-263
2024-11-10 00:18:46,942 - INFO - Datos insertados: Device=motor_encoder, Time=2024-11-10 00:18:46.920629, Counts=-313
2024-11-10 00:18:46,975 - INFO - Datos insertados: Device=motor_encoder, Time=2024-11-10 00:18:46.953150, Counts=-365
2024-11-10 00:18:47,065 - INFO - Datos insertados: Device=motor_encoder, Time=2024-11-10 00:18:47.044049, Counts=-415
2024-11-10 00:18:47,139 - INFO - Datos insertados: Device=motor_encoder, Time=2024-11-10 00:18:47.120092, Counts=-467
2024-11-10 00:18:47,171 - INFO - Datos insertados: Device=motor_encoder, Time=2024-11-10 00:18:47.148770, Counts=-515
2024-11-10 00:18:47,202 - INFO - Datos insertados: Device=motor_encoder, Time=2024-11-10 00:18:47.178837, Counts=-567
2024-11-10 00:18:47,240 - INFO - Datos insertados: Device=motor_encoder, Time=2024-11-10 00:18:47.218873, Counts=-616
2024-11-10 00:18:47,281 - INFO - Datos insertados: Device=motor_encoder, Time=2024-11-10 00:18:47.259271, Counts=-668
2024-11-10 00:18:47,345 - INFO - Datos insertados: Device=motor_encoder, Time=2024-11-10 00:18:47.322462, Counts=-717
2024-11-10 00:18:47,376 - INFO - Datos insertados: Device=motor_encoder, Time=2024-11-10 00:18:47.354625, Counts=-768
2024-11-10 00:18:47,429 - INFO - Datos insertados: Device=motor_encoder, Time=2024-11-10 00:18:47.404656, Counts=-816
2024-11-10 00:18:47,482 - INFO - Datos insertados: Device=motor_encoder, Time=2024-11-10 00:18:47.458914, Counts=-868
2024-11-10 00:18:47,530 - INFO - Datos insertados: Device=motor_encoder, Time=2024-11-10 00:18:47.506375, Counts=-915
2024-11-10 00:18:47,582 - INFO - Datos insertados: Device=motor_encoder, Time=2024-11-10 00:18:47.558054, Counts=-966
2024-11-10 00:18:47,631 - INFO - Datos insertados: Device=motor_encoder, Time=2024-11-10 00:18:47.609985, Counts=-1014
2024-11-10 00:18:47,683 - INFO - Datos insertados: Device=motor_encoder, Time=2024-11-10 00:18:47.659639, Counts=-1064
2024-11-10 00:18:47,744 - INFO - Datos insertados: Device=motor_encoder, Time=2024-11-10 00:18:47.717997, Counts=-1111
2024-11-10 00:18:47,988 - INFO - Datos insertados: Device=motor_encoder, Time=2024-11-10 00:18:47.761458, Counts=-1160
2024-11-10 00:18:48,032 - INFO - Datos insertados: Device=motor_encoder, Time=2024-11-10 00:18:48.001271, Counts=-1208
2024-11-10 00:18:48,068 - INFO - Datos insertados: Device=motor_encoder, Time=2024-11-10 00:18:48.042188, Counts=-1256
2024-11-10 00:18:48,097 - INFO - Datos insertados: Device=motor_encoder, Time=2024-11-10 00:18:48.075134, Counts=-1304
2024-11-10 00:18:48,129 - INFO - Datos insertados: Device=motor_encoder, Time=2024-11-10 00:18:48.104170, Counts=-1350
2024-11-10 00:18:48,158 - INFO - Datos insertados: Device=motor_encoder, Time=2024-11-10 00:18:48.136667, Counts=-1399
2024-11-10 00:18:48,190 - INFO - Datos insertados: Device=motor_encoder, Time=2024-11-10 00:18:48.167472, Counts=-1446
2024-11-10 00:18:48,219 - INFO - Datos insertados: Device=motor_encoder, Time=2024-11-10 00:18:48.197658, Counts=-1496
2024-11-10 00:18:48,250 - INFO - Datos insertados: Device=motor_encoder, Time=2024-11-10 00:18:48.227013, Counts=-1542
2024-11-10 00:18:48,281 - INFO - Datos insertados: Device=motor_encoder, Time=2024-11-10 00:18:48.257863, Counts=-1592
2024-11-10 00:18:48,310 - INFO - Datos insertados: Device=motor_encoder, Time=2024-11-10 00:18:48.288415, Counts=-1638
2024-11-10 00:18:48,361 - INFO - Datos insertados: Device=motor_encoder, Time=2024-11-10 00:18:48.336128, Counts=-1687
2024-11-10 00:18:48,396 - INFO - Datos insertados: Device=motor_encoder, Time=2024-11-10 00:18:48.374772, Counts=-1734
2024-11-10 00:18:48,459 - INFO - Datos insertados: Device=motor_encoder, Time=2024-11-10 00:18:48.439137, Counts=-1783
2024-11-10 00:18:48,493 - INFO - Datos insertados: Device=motor_encoder, Time=2024-11-10 00:18:48.473724, Counts=-1831
2024-11-10 00:18:48,558 - INFO - Datos insertados: Device=motor_encoder, Time=2024-11-10 00:18:48.536504, Counts=-1880
2024-11-10 00:18:48,610 - INFO - Datos insertados: Device=motor_encoder, Time=2024-11-10 00:18:48.588783, Counts=-1928
2024-11-10 00:18:48,648 - INFO - Datos insertados: Device=motor_encoder, Time=2024-11-10 00:18:48.627051, Counts=-1975
2024-11-10 00:18:48,701 - INFO - Datos insertados: Device=motor_encoder, Time=2024-11-10 00:18:48.680389, Counts=-2025
2024-11-10 00:18:48,757 - INFO - Datos insertados: Device=motor_encoder, Time=2024-11-10 00:18:48.735920, Counts=-2073
2024-11-10 00:18:48,809 - INFO - Datos insertados: Device=motor_encoder, Time=2024-11-10 00:18:48.785640, Counts=-2122
2024-11-10 00:18:48,859 - INFO - Datos insertados: Device=motor_encoder, Time=2024-11-10 00:18:48.835661, Counts=-2169
2024-11-10 00:18:48,922 - INFO - Datos insertados: Device=motor_encoder, Time=2024-11-10 00:18:48.895009, Counts=-2219
2024-11-10 00:18:48,960 - INFO - Datos insertados: Device=motor_encoder, Time=2024-11-10 00:18:48.936696, Counts=-2266
2024-11-10 00:18:49,012 - INFO - Datos insertados: Device=motor_encoder, Time=2024-11-10 00:18:48.988259, Counts=-2315
2024-11-10 00:18:49,066 - INFO - Datos insertados: Device=motor_encoder, Time=2024-11-10 00:18:49.042423, Counts=-2362
2024-11-10 00:18:49,119 - INFO - Datos insertados: Device=motor_encoder, Time=2024-11-10 00:18:49.098075, Counts=-7
2024-11-10 00:18:49,187 - INFO - Datos insertados: Device=motor_encoder, Time=2024-11-10 00:18:49.165008, Counts=11
2024-11-10 00:18:49,226 - INFO - Datos insertados: Device=motor_encoder, Time=2024-11-10 00:18:49.204183, Counts=50
2024-11-10 00:18:49,271 - INFO - Datos insertados: Device=motor_encoder, Time=2024-11-10 00:18:49.247537, Counts=93
2024-11-10 00:18:49,338 - INFO - Datos insertados: Device=motor_encoder, Time=2024-11-10 00:18:49.316493, Counts=143
2024-11-10 00:18:49,369 - INFO - Datos insertados: Device=motor_encoder, Time=2024-11-10 00:18:49.347836, Counts=195
2024-11-10 00:18:49,428 - INFO - Datos insertados: Device=motor_encoder, Time=2024-11-10 00:18:49.406920, Counts=248
2024-11-10 00:18:49,470 - INFO - Datos insertados: Device=motor_encoder, Time=2024-11-10 00:18:49.449170, Counts=301
2024-11-10 00:18:49,528 - INFO - Datos insertados: Device=motor_encoder, Time=2024-11-10 00:18:49.506916, Counts=355
2024-11-10 00:18:49,572 - INFO - Datos insertados: Device=motor_encoder, Time=2024-11-10 00:18:49.549297, Counts=408
2024-11-10 00:18:49,641 - INFO - Datos insertados: Device=motor_encoder, Time=2024-11-10 00:18:49.607977, Counts=463
2024-11-10 00:18:49,670 - INFO - Datos insertados: Device=motor_encoder, Time=2024-11-10 00:18:49.650826, Counts=514
2024-11-10 00:18:49,726 - INFO - Datos insertados: Device=motor_encoder, Time=2024-11-10 00:18:49.704159, Counts=568
2024-11-10 00:18:49,776 - INFO - Datos insertados: Device=motor_encoder, Time=2024-11-10 00:18:49.755699, Counts=621
2024-11-10 00:18:49,831 - INFO - Datos insertados: Device=motor_encoder, Time=2024-11-10 00:18:49.809319, Counts=675
2024-11-10 00:18:49,891 - INFO - Datos insertados: Device=motor_encoder, Time=2024-11-10 00:18:49.869239, Counts=727
2024-11-10 00:18:49,926 - INFO - Datos insertados: Device=motor_encoder, Time=2024-11-10 00:18:49.904114, Counts=780
2024-11-10 00:18:50,127 - INFO - Datos insertados: Device=motor_encoder, Time=2024-11-10 00:18:50.101933, Counts=831
2024-11-10 00:18:50,167 - INFO - Datos insertados: Device=motor_encoder, Time=2024-11-10 00:18:50.140053, Counts=883
2024-11-10 00:18:50,202 - INFO - Datos insertados: Device=motor_encoder, Time=2024-11-10 00:18:50.177983, Counts=933
2024-11-10 00:18:50,237 - INFO - Datos insertados: Device=motor_encoder, Time=2024-11-10 00:18:50.212846, Counts=985
2024-11-10 00:18:50,308 - INFO - Datos insertados: Device=motor_encoder, Time=2024-11-10 00:18:50.244676, Counts=1037
2024-11-10 00:18:50,341 - INFO - Datos insertados: Device=motor_encoder, Time=2024-11-10 00:18:50.315672, Counts=1090
2024-11-10 00:18:50,372 - INFO - Datos insertados: Device=motor_encoder, Time=2024-11-10 00:18:50.348286, Counts=1141
2024-11-10 00:18:50,401 - INFO - Datos insertados: Device=motor_encoder, Time=2024-11-10 00:18:50.380383, Counts=1194
2024-11-10 00:18:50,431 - INFO - Datos insertados: Device=motor_encoder, Time=2024-11-10 00:18:50.409264, Counts=1246
2024-11-10 00:18:50,458 - INFO - Datos insertados: Device=motor_encoder, Time=2024-11-10 00:18:50.438319, Counts=1299
2024-11-10 00:18:50,487 - INFO - Datos insertados: Device=motor_encoder, Time=2024-11-10 00:18:50.467995, Counts=1351
2024-11-10 00:18:50,537 - INFO - Datos insertados: Device=motor_encoder, Time=2024-11-10 00:18:50.516423, Counts=1404
2024-11-10 00:18:50,628 - INFO - Datos insertados: Device=motor_encoder, Time=2024-11-10 00:18:50.602442, Counts=1457
2024-11-10 00:18:50,656 - INFO - Datos insertados: Device=motor_encoder, Time=2024-11-10 00:18:50.635624, Counts=1511
2024-11-10 00:18:50,713 - INFO - Datos insertados: Device=motor_encoder, Time=2024-11-10 00:18:50.687632, Counts=1562
2024-11-10 00:18:50,747 - INFO - Datos insertados: Device=motor_encoder, Time=2024-11-10 00:18:50.725754, Counts=1616
2024-11-10 00:18:50,819 - INFO - Datos insertados: Device=motor_encoder, Time=2024-11-10 00:18:50.791852, Counts=1669
2024-11-10 00:18:50,848 - INFO - Datos insertados: Device=motor_encoder, Time=2024-11-10 00:18:50.826860, Counts=1722
2024-11-10 00:18:50,927 - INFO - Datos insertados: Device=motor_encoder, Time=2024-11-10 00:18:50.903789, Counts=1776
2024-11-10 00:18:50,963 - INFO - Datos insertados: Device=motor_encoder, Time=2024-11-10 00:18:50.936100, Counts=1830
2024-11-10 00:18:51,019 - INFO - Datos insertados: Device=motor_encoder, Time=2024-11-10 00:18:50.997672, Counts=1883
2024-11-10 00:18:51,052 - INFO - Datos insertados: Device=motor_encoder, Time=2024-11-10 00:18:51.029744, Counts=1938
2024-11-10 00:18:51,100 - INFO - Datos insertados: Device=motor_encoder, Time=2024-11-10 00:18:51.078001, Counts=1991
2024-11-10 00:18:51,151 - INFO - Datos insertados: Device=motor_encoder, Time=2024-11-10 00:18:51.129807, Counts=2047
2024-11-10 00:18:51,215 - INFO - Datos insertados: Device=motor_encoder, Time=2024-11-10 00:18:51.191686, Counts=2101
2024-11-10 00:18:51,264 - INFO - Datos insertados: Device=motor_encoder, Time=2024-11-10 00:18:51.236917, Counts=2157
2024-11-10 00:18:51,328 - INFO - Datos insertados: Device=motor_encoder, Time=2024-11-10 00:18:51.304304, Counts=2212
2024-11-10 00:18:51,373 - INFO - Datos insertados: Device=motor_encoder, Time=2024-11-10 00:18:51.349969, Counts=2267
2024-11-10 00:18:51,408 - INFO - Datos insertados: Device=motor_encoder, Time=2024-11-10 00:18:51.384498, Counts=2323
2024-11-10 00:18:51,455 - INFO - Datos insertados: Device=motor_encoder, Time=2024-11-10 00:18:51.432914, Counts=2378
2024-11-10 00:18:51,540 - INFO - Datos insertados: Device=motor_encoder, Time=2024-11-10 00:18:51.513390, Counts=7
2024-11-10 00:18:51,598 - INFO - Datos insertados: Device=motor_encoder, Time=2024-11-10 00:18:51.547698, Counts=-23
2024-11-10 00:18:51,626 - INFO - Datos insertados: Device=motor_encoder, Time=2024-11-10 00:18:51.607435, Counts=-62
2024-11-10 00:18:51,678 - INFO - Datos insertados: Device=motor_encoder, Time=2024-11-10 00:18:51.656572, Counts=-107
2024-11-10 00:18:51,713 - INFO - Datos insertados: Device=motor_encoder, Time=2024-11-10 00:18:51.693058, Counts=-157
2024-11-10 00:18:51,763 - INFO - Datos insertados: Device=motor_encoder, Time=2024-11-10 00:18:51.742059, Counts=-205
2024-11-10 00:18:51,817 - INFO - Datos insertados: Device=motor_encoder, Time=2024-11-10 00:18:51.790431, Counts=-256
2024-11-10 00:18:51,875 - INFO - Datos insertados: Device=motor_encoder, Time=2024-11-10 00:18:51.848910, Counts=-305
2024-11-10 00:18:51,910 - INFO - Datos insertados: Device=motor_encoder, Time=2024-11-10 00:18:51.889643, Counts=-357
2024-11-10 00:18:51,972 - INFO - Datos insertados: Device=motor_encoder, Time=2024-11-10 00:18:51.947154, Counts=-406
2024-11-10 00:18:52,034 - INFO - Datos insertados: Device=motor_encoder, Time=2024-11-10 00:18:52.012432, Counts=-459
2024-11-10 00:18:52,080 - INFO - Datos insertados: Device=motor_encoder, Time=2024-11-10 00:18:52.054684, Counts=-507
2024-11-10 00:18:52,121 - INFO - Datos insertados: Device=motor_encoder, Time=2024-11-10 00:18:52.099087, Counts=-560
2024-11-10 00:18:52,176 - INFO - Datos insertados: Device=motor_encoder, Time=2024-11-10 00:18:52.152935, Counts=-607
2024-11-10 00:18:52,223 - INFO - Datos insertados: Device=motor_encoder, Time=2024-11-10 00:18:52.199990, Counts=-658
2024-11-10 00:18:52,280 - INFO - Datos insertados: Device=motor_encoder, Time=2024-11-10 00:18:52.257224, Counts=-706
2024-11-10 00:18:52,375 - INFO - Datos insertados: Device=motor_encoder, Time=2024-11-10 00:18:52.351503, Counts=-757
2024-11-10 00:18:52,416 - INFO - Datos insertados: Device=motor_encoder, Time=2024-11-10 00:18:52.384553, Counts=-804
2024-11-10 00:18:52,447 - INFO - Datos insertados: Device=motor_encoder, Time=2024-11-10 00:18:52.425046, Counts=-854
2024-11-10 00:18:52,477 - INFO - Datos insertados: Device=motor_encoder, Time=2024-11-10 00:18:52.457127, Counts=-901
2024-11-10 00:18:52,530 - INFO - Datos insertados: Device=motor_encoder, Time=2024-11-10 00:18:52.509212, Counts=-949
2024-11-10 00:18:52,579 - INFO - Datos insertados: Device=motor_encoder, Time=2024-11-10 00:18:52.557065, Counts=-997
2024-11-10 00:18:52,667 - INFO - Datos insertados: Device=motor_encoder, Time=2024-11-10 00:18:52.639945, Counts=-1046
2024-11-10 00:18:52,696 - INFO - Datos insertados: Device=motor_encoder, Time=2024-11-10 00:18:52.674687, Counts=-1094
2024-11-10 00:18:52,757 - INFO - Datos insertados: Device=motor_encoder, Time=2024-11-10 00:18:52.735693, Counts=-1140
2024-11-10 00:18:52,787 - INFO - Datos insertados: Device=motor_encoder, Time=2024-11-10 00:18:52.764989, Counts=-1189
2024-11-10 00:18:52,839 - INFO - Datos insertados: Device=motor_encoder, Time=2024-11-10 00:18:52.816938, Counts=-1235
2024-11-10 00:18:52,895 - INFO - Datos insertados: Device=motor_encoder, Time=2024-11-10 00:18:52.873557, Counts=-1285
2024-11-10 00:18:52,941 - INFO - Datos insertados: Device=motor_encoder, Time=2024-11-10 00:18:52.913891, Counts=-1331
2024-11-10 00:18:52,989 - INFO - Datos insertados: Device=motor_encoder, Time=2024-11-10 00:18:52.969095, Counts=-1381
2024-11-10 00:18:53,043 - INFO - Datos insertados: Device=motor_encoder, Time=2024-11-10 00:18:53.020344, Counts=-1428
2024-11-10 00:18:53,093 - INFO - Datos insertados: Device=motor_encoder, Time=2024-11-10 00:18:53.071577, Counts=-1477
2024-11-10 00:18:53,160 - INFO - Datos insertados: Device=motor_encoder, Time=2024-11-10 00:18:53.139110, Counts=-1524
2024-11-10 00:18:53,216 - INFO - Datos insertados: Device=motor_encoder, Time=2024-11-10 00:18:53.184547, Counts=-1572
2024-11-10 00:18:53,288 - INFO - Datos insertados: Device=motor_encoder, Time=2024-11-10 00:18:53.260078, Counts=-1620
2024-11-10 00:18:53,320 - INFO - Datos insertados: Device=motor_encoder, Time=2024-11-10 00:18:53.297407, Counts=-1667
2024-11-10 00:18:53,356 - INFO - Datos insertados: Device=motor_encoder, Time=2024-11-10 00:18:53.332877, Counts=-1716
2024-11-10 00:18:53,401 - INFO - Datos insertados: Device=motor_encoder, Time=2024-11-10 00:18:53.379182, Counts=-1763
2024-11-10 00:18:53,480 - INFO - Datos insertados: Device=motor_encoder, Time=2024-11-10 00:18:53.447285, Counts=-1813
2024-11-10 00:18:53,511 - INFO - Datos insertados: Device=motor_encoder, Time=2024-11-10 00:18:53.489523, Counts=-1860
2024-11-10 00:18:53,560 - INFO - Datos insertados: Device=motor_encoder, Time=2024-11-10 00:18:53.538043, Counts=-1911
2024-11-10 00:18:53,617 - INFO - Datos insertados: Device=motor_encoder, Time=2024-11-10 00:18:53.595105, Counts=-1956
2024-11-10 00:18:53,657 - INFO - Datos insertados: Device=motor_encoder, Time=2024-11-10 00:18:53.636734, Counts=-2005
2024-11-10 00:18:53,718 - INFO - Datos insertados: Device=motor_encoder, Time=2024-11-10 00:18:53.687479, Counts=-2051
2024-11-10 00:18:53,766 - INFO - Datos insertados: Device=motor_encoder, Time=2024-11-10 00:18:53.737139, Counts=-2100
2024-11-10 00:18:53,815 - INFO - Datos insertados: Device=motor_encoder, Time=2024-11-10 00:18:53.793402, Counts=-2148
2024-11-10 00:18:53,866 - INFO - Datos insertados: Device=motor_encoder, Time=2024-11-10 00:18:53.844245, Counts=-2197
2024-11-10 00:18:53,916 - INFO - Datos insertados: Device=motor_encoder, Time=2024-11-10 00:18:53.890890, Counts=-2245
2024-11-10 00:18:53,981 - INFO - Datos insertados: Device=motor_encoder, Time=2024-11-10 00:18:53.958900, Counts=-2293
2024-11-10 00:18:54,022 - INFO - Datos insertados: Device=motor_encoder, Time=2024-11-10 00:18:53.990590, Counts=-2342
2024-11-10 00:18:54,073 - INFO - Datos insertados: Device=motor_encoder, Time=2024-11-10 00:18:54.050528, Counts=-2388
2024-11-10 00:18:54,130 - INFO - Datos insertados: Device=motor_encoder, Time=2024-11-10 00:18:54.106492, Counts=-2
2024-11-10 00:18:54,179 - INFO - Datos insertados: Device=motor_encoder, Time=2024-11-10 00:18:54.155470, Counts=30
2024-11-10 00:18:54,225 - INFO - Datos insertados: Device=motor_encoder, Time=2024-11-10 00:18:54.202828, Counts=72
2024-11-10 00:18:54,272 - INFO - Datos insertados: Device=motor_encoder, Time=2024-11-10 00:18:54.250009, Counts=118
2024-11-10 00:18:54,337 - INFO - Datos insertados: Device=motor_encoder, Time=2024-11-10 00:18:54.305976, Counts=169
2024-11-10 00:18:54,393 - INFO - Datos insertados: Device=motor_encoder, Time=2024-11-10 00:18:54.366360, Counts=220
2024-11-10 00:18:54,434 - INFO - Datos insertados: Device=motor_encoder, Time=2024-11-10 00:18:54.411111, Counts=274
2024-11-10 00:18:54,482 - INFO - Datos insertados: Device=motor_encoder, Time=2024-11-10 00:18:54.457435, Counts=327
2024-11-10 00:18:54,539 - INFO - Datos insertados: Device=motor_encoder, Time=2024-11-10 00:18:54.515491, Counts=380
2024-11-10 00:18:54,624 - INFO - Datos insertados: Device=motor_encoder, Time=2024-11-10 00:18:54.590347, Counts=433
2024-11-10 00:18:54,659 - INFO - Datos insertados: Device=motor_encoder, Time=2024-11-10 00:18:54.634187, Counts=486
2024-11-10 00:18:54,691 - INFO - Datos insertados: Device=motor_encoder, Time=2024-11-10 00:18:54.667966, Counts=537
2024-11-10 00:18:54,730 - INFO - Datos insertados: Device=motor_encoder, Time=2024-11-10 00:18:54.708347, Counts=590
2024-11-10 00:18:54,779 - INFO - Datos insertados: Device=motor_encoder, Time=2024-11-10 00:18:54.759247, Counts=642
2024-11-10 00:18:54,829 - INFO - Datos insertados: Device=motor_encoder, Time=2024-11-10 00:18:54.809166, Counts=694
2024-11-10 00:18:54,902 - INFO - Datos insertados: Device=motor_encoder, Time=2024-11-10 00:18:54.867636, Counts=746
2024-11-10 00:18:54,946 - INFO - Datos insertados: Device=motor_encoder, Time=2024-11-10 00:18:54.922410, Counts=798
2024-11-10 00:18:55,008 - INFO - Datos insertados: Device=motor_encoder, Time=2024-11-10 00:18:54.988310, Counts=849
2024-11-10 00:18:55,039 - INFO - Datos insertados: Device=motor_encoder, Time=2024-11-10 00:18:55.017532, Counts=901
2024-11-10 00:18:55,104 - INFO - Datos insertados: Device=motor_encoder, Time=2024-11-10 00:18:55.083318, Counts=951
2024-11-10 00:18:55,160 - INFO - Datos insertados: Device=motor_encoder, Time=2024-11-10 00:18:55.127965, Counts=1003
2024-11-10 00:18:55,216 - INFO - Datos insertados: Device=motor_encoder, Time=2024-11-10 00:18:55.195072, Counts=1055
2024-11-10 00:18:55,266 - INFO - Datos insertados: Device=motor_encoder, Time=2024-11-10 00:18:55.243879, Counts=1108
2024-11-10 00:18:55,299 - INFO - Datos insertados: Device=motor_encoder, Time=2024-11-10 00:18:55.277745, Counts=1159
2024-11-10 00:18:55,343 - INFO - Datos insertados: Device=motor_encoder, Time=2024-11-10 00:18:55.321638, Counts=1211
2024-11-10 00:18:55,411 - INFO - Datos insertados: Device=motor_encoder, Time=2024-11-10 00:18:55.390205, Counts=1263
2024-11-10 00:18:55,466 - INFO - Datos insertados: Device=motor_encoder, Time=2024-11-10 00:18:55.424864, Counts=1315
2024-11-10 00:18:55,520 - INFO - Datos insertados: Device=motor_encoder, Time=2024-11-10 00:18:55.489970, Counts=1367
2024-11-10 00:18:55,588 - INFO - Datos insertados: Device=motor_encoder, Time=2024-11-10 00:18:55.568217, Counts=1420
2024-11-10 00:18:55,655 - INFO - Datos insertados: Device=motor_encoder, Time=2024-11-10 00:18:55.633861, Counts=1472
2024-11-10 00:18:55,687 - INFO - Datos insertados: Device=motor_encoder, Time=2024-11-10 00:18:55.662707, Counts=1524
2024-11-10 00:18:55,726 - INFO - Datos insertados: Device=motor_encoder, Time=2024-11-10 00:18:55.694929, Counts=1575
2024-11-10 00:18:55,755 - INFO - Datos insertados: Device=motor_encoder, Time=2024-11-10 00:18:55.733666, Counts=1628
2024-11-10 00:18:55,811 - INFO - Datos insertados: Device=motor_encoder, Time=2024-11-10 00:18:55.787073, Counts=1681
2024-11-10 00:18:55,856 - INFO - Datos insertados: Device=motor_encoder, Time=2024-11-10 00:18:55.834325, Counts=1734
2024-11-10 00:18:55,918 - INFO - Datos insertados: Device=motor_encoder, Time=2024-11-10 00:18:55.896982, Counts=1786
2024-11-10 00:18:55,959 - INFO - Datos insertados: Device=motor_encoder, Time=2024-11-10 00:18:55.929500, Counts=1841
2024-11-10 00:18:56,017 - INFO - Datos insertados: Device=motor_encoder, Time=2024-11-10 00:18:55.993155, Counts=1894
2024-11-10 00:18:56,058 - INFO - Datos insertados: Device=motor_encoder, Time=2024-11-10 00:18:56.038711, Counts=1948
2024-11-10 00:18:56,102 - INFO - Datos insertados: Device=motor_encoder, Time=2024-11-10 00:18:56.082611, Counts=2001
2024-11-10 00:18:56,159 - INFO - Datos insertados: Device=motor_encoder, Time=2024-11-10 00:18:56.139190, Counts=2056
2024-11-10 00:18:56,219 - INFO - Datos insertados: Device=motor_encoder, Time=2024-11-10 00:18:56.195744, Counts=2112
2024-11-10 00:18:56,273 - INFO - Datos insertados: Device=motor_encoder, Time=2024-11-10 00:18:56.241927, Counts=2167
2024-11-10 00:18:56,315 - INFO - Datos insertados: Device=motor_encoder, Time=2024-11-10 00:18:56.292650, Counts=2223
2024-11-10 00:18:56,363 - INFO - Datos insertados: Device=motor_encoder, Time=2024-11-10 00:18:56.339180, Counts=2278
2024-11-10 00:18:56,423 - INFO - Datos insertados: Device=motor_encoder, Time=2024-11-10 00:18:56.402299, Counts=2334
2024-11-10 00:18:56,458 - INFO - Datos insertados: Device=motor_encoder, Time=2024-11-10 00:18:56.436314, Counts=2389
2024-11-10 00:18:56,518 - INFO - Datos insertados: Device=motor_encoder, Time=2024-11-10 00:18:56.490273, Counts=3
2024-11-10 00:18:56,562 - INFO - Datos insertados: Device=motor_encoder, Time=2024-11-10 00:18:56.540887, Counts=-30
2024-11-10 00:18:56,611 - INFO - Datos insertados: Device=motor_encoder, Time=2024-11-10 00:18:56.592249, Counts=-68
2024-11-10 00:18:56,695 - INFO - Datos insertados: Device=motor_encoder, Time=2024-11-10 00:18:56.643831, Counts=-115
2024-11-10 00:18:56,725 - INFO - Datos insertados: Device=motor_encoder, Time=2024-11-10 00:18:56.702498, Counts=-165
2024-11-10 00:18:56,768 - INFO - Datos insertados: Device=motor_encoder, Time=2024-11-10 00:18:56.748560, Counts=-215
2024-11-10 00:18:56,829 - INFO - Datos insertados: Device=motor_encoder, Time=2024-11-10 00:18:56.800430, Counts=-266
2024-11-10 00:18:56,872 - INFO - Datos insertados: Device=motor_encoder, Time=2024-11-10 00:18:56.850737, Counts=-315
2024-11-10 00:18:56,927 - INFO - Datos insertados: Device=motor_encoder, Time=2024-11-10 00:18:56.904171, Counts=-366
2024-11-10 00:18:56,972 - INFO - Datos insertados: Device=motor_encoder, Time=2024-11-10 00:18:56.950369, Counts=-415
2024-11-10 00:18:57,025 - INFO - Datos insertados: Device=motor_encoder, Time=2024-11-10 00:18:57.002253, Counts=-467
2024-11-10 00:18:57,093 - INFO - Datos insertados: Device=motor_encoder, Time=2024-11-10 00:18:57.058998, Counts=-515
2024-11-10 00:18:57,131 - INFO - Datos insertados: Device=motor_encoder, Time=2024-11-10 00:18:57.108440, Counts=-566
2024-11-10 00:18:57,183 - INFO - Datos insertados: Device=motor_encoder, Time=2024-11-10 00:18:57.162006, Counts=-613
2024-11-10 00:18:57,235 - INFO - Datos insertados: Device=motor_encoder, Time=2024-11-10 00:18:57.211305, Counts=-664
2024-11-10 00:18:57,287 - INFO - Datos insertados: Device=motor_encoder, Time=2024-11-10 00:18:57.265886, Counts=-711
2024-11-10 00:18:57,339 - INFO - Datos insertados: Device=motor_encoder, Time=2024-11-10 00:18:57.314707, Counts=-761
2024-11-10 00:18:57,389 - INFO - Datos insertados: Device=motor_encoder, Time=2024-11-10 00:18:57.362345, Counts=-808
2024-11-10 00:18:57,436 - INFO - Datos insertados: Device=motor_encoder, Time=2024-11-10 00:18:57.412355, Counts=-859
2024-11-10 00:18:57,500 - INFO - Datos insertados: Device=motor_encoder, Time=2024-11-10 00:18:57.476002, Counts=-906
2024-11-10 00:18:57,541 - INFO - Datos insertados: Device=motor_encoder, Time=2024-11-10 00:18:57.518252, Counts=-955
2024-11-10 00:18:57,608 - INFO - Datos insertados: Device=motor_encoder, Time=2024-11-10 00:18:57.580927, Counts=-1003
2024-11-10 00:18:57,674 - INFO - Datos insertados: Device=motor_encoder, Time=2024-11-10 00:18:57.642742, Counts=-1052
2024-11-10 00:18:57,707 - INFO - Datos insertados: Device=motor_encoder, Time=2024-11-10 00:18:57.684009, Counts=-1100
2024-11-10 00:18:57,746 - INFO - Datos insertados: Device=motor_encoder, Time=2024-11-10 00:18:57.722590, Counts=-1147
2024-11-10 00:18:57,798 - INFO - Datos insertados: Device=motor_encoder, Time=2024-11-10 00:18:57.774486, Counts=-1196
2024-11-10 00:18:57,853 - INFO - Datos insertados: Device=motor_encoder, Time=2024-11-10 00:18:57.826109, Counts=-1243
2024-11-10 00:18:57,903 - INFO - Datos insertados: Device=motor_encoder, Time=2024-11-10 00:18:57.876781, Counts=-1292
2024-11-10 00:18:57,951 - INFO - Datos insertados: Device=motor_encoder, Time=2024-11-10 00:18:57.927420, Counts=-1337
2024-11-10 00:18:58,002 - INFO - Datos insertados: Device=motor_encoder, Time=2024-11-10 00:18:57.978006, Counts=-1387
2024-11-10 00:18:58,068 - INFO - Datos insertados: Device=motor_encoder, Time=2024-11-10 00:18:58.046208, Counts=-1434
2024-11-10 00:18:58,102 - INFO - Datos insertados: Device=motor_encoder, Time=2024-11-10 00:18:58.078825, Counts=-1483
2024-11-10 00:18:58,190 - INFO - Datos insertados: Device=motor_encoder, Time=2024-11-10 00:18:58.163757, Counts=-1529
2024-11-10 00:18:58,224 - INFO - Datos insertados: Device=motor_encoder, Time=2024-11-10 00:18:58.199305, Counts=-1578
2024-11-10 00:18:58,263 - INFO - Datos insertados: Device=motor_encoder, Time=2024-11-10 00:18:58.241051, Counts=-1625
2024-11-10 00:18:58,321 - INFO - Datos insertados: Device=motor_encoder, Time=2024-11-10 00:18:58.298699, Counts=-1673
2024-11-10 00:18:58,357 - INFO - Datos insertados: Device=motor_encoder, Time=2024-11-10 00:18:58.333726, Counts=-1721
2024-11-10 00:18:58,403 - INFO - Datos insertados: Device=motor_encoder, Time=2024-11-10 00:18:58.380794, Counts=-1769
2024-11-10 00:18:58,466 - INFO - Datos insertados: Device=motor_encoder, Time=2024-11-10 00:18:58.441277, Counts=-1819
2024-11-10 00:18:58,514 - INFO - Datos insertados: Device=motor_encoder, Time=2024-11-10 00:18:58.489177, Counts=-1866
2024-11-10 00:18:58,566 - INFO - Datos insertados: Device=motor_encoder, Time=2024-11-10 00:18:58.544231, Counts=-1916
2024-11-10 00:18:58,610 - INFO - Datos insertados: Device=motor_encoder, Time=2024-11-10 00:18:58.589193, Counts=-1962
2024-11-10 00:18:58,683 - INFO - Datos insertados: Device=motor_encoder, Time=2024-11-10 00:18:58.662143, Counts=-2013
2024-11-10 00:18:58,728 - INFO - Datos insertados: Device=motor_encoder, Time=2024-11-10 00:18:58.708462, Counts=-2061
2024-11-10 00:18:58,775 - INFO - Datos insertados: Device=motor_encoder, Time=2024-11-10 00:18:58.751242, Counts=-2111
2024-11-10 00:18:58,817 - INFO - Datos insertados: Device=motor_encoder, Time=2024-11-10 00:18:58.796353, Counts=-2158
2024-11-10 00:18:58,867 - INFO - Datos insertados: Device=motor_encoder, Time=2024-11-10 00:18:58.846109, Counts=-2207
2024-11-10 00:18:58,920 - INFO - Datos insertados: Device=motor_encoder, Time=2024-11-10 00:18:58.898786, Counts=-2255
2024-11-10 00:18:58,983 - INFO - Datos insertados: Device=motor_encoder, Time=2024-11-10 00:18:58.960710, Counts=-2304
2024-11-10 00:18:59,036 - INFO - Datos insertados: Device=motor_encoder, Time=2024-11-10 00:18:59.008236, Counts=-2352
2024-11-10 00:18:59,092 - INFO - Datos insertados: Device=motor_encoder, Time=2024-11-10 00:18:59.068573, Counts=-2399
2024-11-10 00:18:59,129 - INFO - Datos insertados: Device=motor_encoder, Time=2024-11-10 00:18:59.105327, Counts=3
2024-11-10 00:18:59,181 - INFO - Datos insertados: Device=motor_encoder, Time=2024-11-10 00:18:59.156601, Counts=40
2024-11-10 00:18:59,227 - INFO - Datos insertados: Device=motor_encoder, Time=2024-11-10 00:18:59.206193, Counts=83
2024-11-10 00:18:59,283 - INFO - Datos insertados: Device=motor_encoder, Time=2024-11-10 00:18:59.262844, Counts=132
2024-11-10 00:18:59,337 - INFO - Datos insertados: Device=motor_encoder, Time=2024-11-10 00:18:59.314320, Counts=183
2024-11-10 00:18:59,391 - INFO - Datos insertados: Device=motor_encoder, Time=2024-11-10 00:18:59.370801, Counts=236
2024-11-10 00:18:59,446 - INFO - Datos insertados: Device=motor_encoder, Time=2024-11-10 00:18:59.424736, Counts=290
2024-11-10 00:18:59,481 - INFO - Datos insertados: Device=motor_encoder, Time=2024-11-10 00:18:59.458933, Counts=344
2024-11-10 00:18:59,543 - INFO - Datos insertados: Device=motor_encoder, Time=2024-11-10 00:18:59.522085, Counts=398
2024-11-10 00:18:59,589 - INFO - Datos insertados: Device=motor_encoder, Time=2024-11-10 00:18:59.565050, Counts=453
2024-11-10 00:18:59,640 - INFO - Datos insertados: Device=motor_encoder, Time=2024-11-10 00:18:59.616431, Counts=506
2024-11-10 00:18:59,690 - INFO - Datos insertados: Device=motor_encoder, Time=2024-11-10 00:18:59.668296, Counts=560
2024-11-10 00:18:59,740 - INFO - Datos insertados: Device=motor_encoder, Time=2024-11-10 00:18:59.718753, Counts=613
2024-11-10 00:18:59,793 - INFO - Datos insertados: Device=motor_encoder, Time=2024-11-10 00:18:59.771052, Counts=667
2024-11-10 00:18:59,845 - INFO - Datos insertados: Device=motor_encoder, Time=2024-11-10 00:18:59.823876, Counts=720
2024-11-10 00:18:59,896 - INFO - Datos insertados: Device=motor_encoder, Time=2024-11-10 00:18:59.872581, Counts=773
2024-11-10 00:18:59,946 - INFO - Datos insertados: Device=motor_encoder, Time=2024-11-10 00:18:59.924272, Counts=824
2024-11-10 00:19:00,002 - INFO - Datos insertados: Device=motor_encoder, Time=2024-11-10 00:18:59.979551, Counts=877
2024-11-10 00:19:00,050 - INFO - Datos insertados: Device=motor_encoder, Time=2024-11-10 00:19:00.026190, Counts=928
2024-11-10 00:19:00,101 - INFO - Datos insertados: Device=motor_encoder, Time=2024-11-10 00:19:00.078074, Counts=981
2024-11-10 00:19:00,157 - INFO - Datos insertados: Device=motor_encoder, Time=2024-11-10 00:19:00.129985, Counts=1033
2024-11-10 00:19:00,204 - INFO - Datos insertados: Device=motor_encoder, Time=2024-11-10 00:19:00.179970, Counts=1086
2024-11-10 00:19:00,256 - INFO - Datos insertados: Device=motor_encoder, Time=2024-11-10 00:19:00.231279, Counts=1138
2024-11-10 00:19:00,307 - INFO - Datos insertados: Device=motor_encoder, Time=2024-11-10 00:19:00.283535, Counts=1191
2024-11-10 00:19:00,381 - INFO - Datos insertados: Device=motor_encoder, Time=2024-11-10 00:19:00.355410, Counts=1243
2024-11-10 00:19:00,416 - INFO - Datos insertados: Device=motor_encoder, Time=2024-11-10 00:19:00.392707, Counts=1296
2024-11-10 00:19:00,466 - INFO - Datos insertados: Device=motor_encoder, Time=2024-11-10 00:19:00.439986, Counts=1348
2024-11-10 00:19:00,518 - INFO - Datos insertados: Device=motor_encoder, Time=2024-11-10 00:19:00.495132, Counts=1402
2024-11-10 00:19:00,561 - INFO - Datos insertados: Device=motor_encoder, Time=2024-11-10 00:19:00.537620, Counts=1455
2024-11-10 00:19:00,624 - INFO - Datos insertados: Device=motor_encoder, Time=2024-11-10 00:19:00.600181, Counts=1509
2024-11-10 00:19:00,690 - INFO - Datos insertados: Device=motor_encoder, Time=2024-11-10 00:19:00.664550, Counts=1560
2024-11-10 00:19:00,727 - INFO - Datos insertados: Device=motor_encoder, Time=2024-11-10 00:19:00.699912, Counts=1614
2024-11-10 00:19:00,767 - INFO - Datos insertados: Device=motor_encoder, Time=2024-11-10 00:19:00.740350, Counts=1667
2024-11-10 00:19:00,828 - INFO - Datos insertados: Device=motor_encoder, Time=2024-11-10 00:19:00.800420, Counts=1721
2024-11-10 00:19:00,873 - INFO - Datos insertados: Device=motor_encoder, Time=2024-11-10 00:19:00.850003, Counts=1775
2024-11-10 00:19:00,918 - INFO - Datos insertados: Device=motor_encoder, Time=2024-11-10 00:19:00.894200, Counts=1830
2024-11-10 00:19:00,971 - INFO - Datos insertados: Device=motor_encoder, Time=2024-11-10 00:19:00.944485, Counts=1883
2024-11-10 00:19:01,019 - INFO - Datos insertados: Device=motor_encoder, Time=2024-11-10 00:19:00.995332, Counts=1937
2024-11-10 00:19:01,069 - INFO - Datos insertados: Device=motor_encoder, Time=2024-11-10 00:19:01.046033, Counts=1990
2024-11-10 00:19:01,120 - INFO - Datos insertados: Device=motor_encoder, Time=2024-11-10 00:19:01.098444, Counts=2045
2024-11-10 00:19:01,192 - INFO - Datos insertados: Device=motor_encoder, Time=2024-11-10 00:19:01.168716, Counts=2099
2024-11-10 00:19:01,230 - INFO - Datos insertados: Device=motor_encoder, Time=2024-11-10 00:19:01.208377, Counts=2155
2024-11-10 00:19:01,283 - INFO - Datos insertados: Device=motor_encoder, Time=2024-11-10 00:19:01.255884, Counts=2209
2024-11-10 00:19:01,334 - INFO - Datos insertados: Device=motor_encoder, Time=2024-11-10 00:19:01.311071, Counts=2265
2024-11-10 00:19:01,373 - INFO - Datos insertados: Device=motor_encoder, Time=2024-11-10 00:19:01.349720, Counts=2320
2024-11-10 00:19:01,426 - INFO - Datos insertados: Device=motor_encoder, Time=2024-11-10 00:19:01.403376, Counts=2376
2024-11-10 00:19:01,486 - INFO - Datos insertados: Device=motor_encoder, Time=2024-11-10 00:19:01.461682, Counts=8
2024-11-10 00:19:01,542 - INFO - Datos insertados: Device=motor_encoder, Time=2024-11-10 00:19:01.515988, Counts=-20
2024-11-10 00:19:01,584 - INFO - Datos insertados: Device=motor_encoder, Time=2024-11-10 00:19:01.560039, Counts=-58
2024-11-10 00:19:01,633 - INFO - Datos insertados: Device=motor_encoder, Time=2024-11-10 00:19:01.611776, Counts=-102
2024-11-10 00:19:01,682 - INFO - Datos insertados: Device=motor_encoder, Time=2024-11-10 00:19:01.659258, Counts=-152
2024-11-10 00:19:01,730 - INFO - Datos insertados: Device=motor_encoder, Time=2024-11-10 00:19:01.708258, Counts=-200
2024-11-10 00:19:01,783 - INFO - Datos insertados: Device=motor_encoder, Time=2024-11-10 00:19:01.761407, Counts=-251
2024-11-10 00:19:01,841 - INFO - Datos insertados: Device=motor_encoder, Time=2024-11-10 00:19:01.812168, Counts=-299
2024-11-10 00:19:01,887 - INFO - Datos insertados: Device=motor_encoder, Time=2024-11-10 00:19:01.863429, Counts=-352
2024-11-10 00:19:01,937 - INFO - Datos insertados: Device=motor_encoder, Time=2024-11-10 00:19:01.913507, Counts=-400
2024-11-10 00:19:02,019 - INFO - Datos insertados: Device=motor_encoder, Time=2024-11-10 00:19:01.967530, Counts=-453
2024-11-10 00:19:02,050 - INFO - Datos insertados: Device=motor_encoder, Time=2024-11-10 00:19:02.028402, Counts=-501
2024-11-10 00:19:02,094 - INFO - Datos insertados: Device=motor_encoder, Time=2024-11-10 00:19:02.073037, Counts=-553
2024-11-10 00:19:02,140 - INFO - Datos insertados: Device=motor_encoder, Time=2024-11-10 00:19:02.119913, Counts=-601
2024-11-10 00:19:02,191 - INFO - Datos insertados: Device=motor_encoder, Time=2024-11-10 00:19:02.171379, Counts=-653
2024-11-10 00:19:02,241 - INFO - Datos insertados: Device=motor_encoder, Time=2024-11-10 00:19:02.222330, Counts=-701
2024-11-10 00:19:02,294 - INFO - Datos insertados: Device=motor_encoder, Time=2024-11-10 00:19:02.274935, Counts=-752
2024-11-10 00:19:02,345 - INFO - Datos insertados: Device=motor_encoder, Time=2024-11-10 00:19:02.325519, Counts=-800
2024-11-10 00:19:02,411 - INFO - Datos insertados: Device=motor_encoder, Time=2024-11-10 00:19:02.391642, Counts=-850
2024-11-10 00:19:02,458 - INFO - Datos insertados: Device=motor_encoder, Time=2024-11-10 00:19:02.439191, Counts=-898
2024-11-10 00:19:02,495 - INFO - Datos insertados: Device=motor_encoder, Time=2024-11-10 00:19:02.475459, Counts=-946
2024-11-10 00:19:02,553 - INFO - Datos insertados: Device=motor_encoder, Time=2024-11-10 00:19:02.533569, Counts=-995
2024-11-10 00:19:02,623 - INFO - Datos insertados: Device=motor_encoder, Time=2024-11-10 00:19:02.603232, Counts=-1044
2024-11-10 00:19:02,652 - INFO - Datos insertados: Device=motor_encoder, Time=2024-11-10 00:19:02.632654, Counts=-1093
2024-11-10 00:19:02,716 - INFO - Datos insertados: Device=motor_encoder, Time=2024-11-10 00:19:02.697073, Counts=-1140
2024-11-10 00:19:02,755 - INFO - Datos insertados: Device=motor_encoder, Time=2024-11-10 00:19:02.736383, Counts=-1191
2024-11-10 00:19:02,816 - INFO - Datos insertados: Device=motor_encoder, Time=2024-11-10 00:19:02.797504, Counts=-1237
2024-11-10 00:19:02,868 - INFO - Datos insertados: Device=motor_encoder, Time=2024-11-10 00:19:02.847267, Counts=-1287
2024-11-10 00:19:02,910 - INFO - Datos insertados: Device=motor_encoder, Time=2024-11-10 00:19:02.889445, Counts=-1334
2024-11-10 00:19:03,188 - INFO - Datos insertados: Device=motor_encoder, Time=2024-11-10 00:19:02.941672, Counts=-1384
2024-11-10 00:19:03,237 - INFO - Datos insertados: Device=motor_encoder, Time=2024-11-10 00:19:03.200988, Counts=-1431
2024-11-10 00:19:03,281 - INFO - Datos insertados: Device=motor_encoder, Time=2024-11-10 00:19:03.247311, Counts=-1481
2024-11-10 00:19:03,310 - INFO - Datos insertados: Device=motor_encoder, Time=2024-11-10 00:19:03.289044, Counts=-1528
2024-11-10 00:19:03,340 - INFO - Datos insertados: Device=motor_encoder, Time=2024-11-10 00:19:03.318795, Counts=-1577
2024-11-10 00:19:03,407 - INFO - Datos insertados: Device=motor_encoder, Time=2024-11-10 00:19:03.349088, Counts=-1626
2024-11-10 00:19:03,436 - INFO - Datos insertados: Device=motor_encoder, Time=2024-11-10 00:19:03.414704, Counts=-1674
2024-11-10 00:19:03,465 - INFO - Datos insertados: Device=motor_encoder, Time=2024-11-10 00:19:03.443504, Counts=-1723
2024-11-10 00:19:03,497 - INFO - Datos insertados: Device=motor_encoder, Time=2024-11-10 00:19:03.474467, Counts=-1771
2024-11-10 00:19:03,525 - INFO - Datos insertados: Device=motor_encoder, Time=2024-11-10 00:19:03.505511, Counts=-1821
2024-11-10 00:19:03,558 - INFO - Datos insertados: Device=motor_encoder, Time=2024-11-10 00:19:03.532673, Counts=-1869
2024-11-10 00:19:03,587 - INFO - Datos insertados: Device=motor_encoder, Time=2024-11-10 00:19:03.565444, Counts=-1919
2024-11-10 00:19:03,618 - INFO - Datos insertados: Device=motor_encoder, Time=2024-11-10 00:19:03.594200, Counts=-1966
2024-11-10 00:19:03,647 - INFO - Datos insertados: Device=motor_encoder, Time=2024-11-10 00:19:03.625776, Counts=-2016
2024-11-10 00:19:03,678 - INFO - Datos insertados: Device=motor_encoder, Time=2024-11-10 00:19:03.656394, Counts=-2064
2024-11-10 00:19:03,728 - INFO - Datos insertados: Device=motor_encoder, Time=2024-11-10 00:19:03.706711, Counts=-2114
2024-11-10 00:19:03,779 - INFO - Datos insertados: Device=motor_encoder, Time=2024-11-10 00:19:03.757972, Counts=-2163
2024-11-10 00:19:03,835 - INFO - Datos insertados: Device=motor_encoder, Time=2024-11-10 00:19:03.808400, Counts=-2213
2024-11-10 00:19:03,880 - INFO - Datos insertados: Device=motor_encoder, Time=2024-11-10 00:19:03.859178, Counts=-2261
2024-11-10 00:19:03,932 - INFO - Datos insertados: Device=motor_encoder, Time=2024-11-10 00:19:03.910602, Counts=-2310
2024-11-10 00:19:03,982 - INFO - Datos insertados: Device=motor_encoder, Time=2024-11-10 00:19:03.961789, Counts=-2359
2024-11-10 00:19:04,038 - INFO - Datos insertados: Device=motor_encoder, Time=2024-11-10 00:19:04.014553, Counts=-6
2024-11-10 00:19:04,088 - INFO - Datos insertados: Device=motor_encoder, Time=2024-11-10 00:19:04.066111, Counts=7
2024-11-10 00:19:04,142 - INFO - Datos insertados: Device=motor_encoder, Time=2024-11-10 00:19:04.118238, Counts=44
2024-11-10 00:19:04,219 - INFO - Datos insertados: Device=motor_encoder, Time=2024-11-10 00:19:04.167744, Counts=87
2024-11-10 00:19:04,252 - INFO - Datos insertados: Device=motor_encoder, Time=2024-11-10 00:19:04.228655, Counts=136
2024-11-10 00:19:04,293 - INFO - Datos insertados: Device=motor_encoder, Time=2024-11-10 00:19:04.270062, Counts=189
2024-11-10 00:19:04,346 - INFO - Datos insertados: Device=motor_encoder, Time=2024-11-10 00:19:04.322410, Counts=242
2024-11-10 00:19:04,402 - INFO - Datos insertados: Device=motor_encoder, Time=2024-11-10 00:19:04.378724, Counts=295
2024-11-10 00:19:04,449 - INFO - Datos insertados: Device=motor_encoder, Time=2024-11-10 00:19:04.423784, Counts=349
2024-11-10 00:19:04,500 - INFO - Datos insertados: Device=motor_encoder, Time=2024-11-10 00:19:04.476435, Counts=403
2024-11-10 00:19:04,550 - INFO - Datos insertados: Device=motor_encoder, Time=2024-11-10 00:19:04.528771, Counts=457
2024-11-10 00:19:04,601 - INFO - Datos insertados: Device=motor_encoder, Time=2024-11-10 00:19:04.577522, Counts=509
2024-11-10 00:19:04,658 - INFO - Datos insertados: Device=motor_encoder, Time=2024-11-10 00:19:04.635721, Counts=562
2024-11-10 00:19:04,703 - INFO - Datos insertados: Device=motor_encoder, Time=2024-11-10 00:19:04.679108, Counts=615
2024-11-10 00:19:04,758 - INFO - Datos insertados: Device=motor_encoder, Time=2024-11-10 00:19:04.734559, Counts=668
2024-11-10 00:19:04,812 - INFO - Datos insertados: Device=motor_encoder, Time=2024-11-10 00:19:04.789687, Counts=721
2024-11-10 00:19:04,860 - INFO - Datos insertados: Device=motor_encoder, Time=2024-11-10 00:19:04.835717, Counts=775
2024-11-10 00:19:04,910 - INFO - Datos insertados: Device=motor_encoder, Time=2024-11-10 00:19:04.886624, Counts=825
2024-11-10 00:19:04,968 - INFO - Datos insertados: Device=motor_encoder, Time=2024-11-10 00:19:04.939203, Counts=878
2024-11-10 00:19:05,014 - INFO - Datos insertados: Device=motor_encoder, Time=2024-11-10 00:19:04.990174, Counts=929
2024-11-10 00:19:05,062 - INFO - Datos insertados: Device=motor_encoder, Time=2024-11-10 00:19:05.040053, Counts=982
2024-11-10 00:19:05,125 - INFO - Datos insertados: Device=motor_encoder, Time=2024-11-10 00:19:05.101290, Counts=1034
2024-11-10 00:19:05,174 - INFO - Datos insertados: Device=motor_encoder, Time=2024-11-10 00:19:05.151806, Counts=1087
2024-11-10 00:19:05,221 - INFO - Datos insertados: Device=motor_encoder, Time=2024-11-10 00:19:05.198405, Counts=1138
2024-11-10 00:19:05,272 - INFO - Datos insertados: Device=motor_encoder, Time=2024-11-10 00:19:05.245584, Counts=1190
2024-11-10 00:19:05,317 - INFO - Datos insertados: Device=motor_encoder, Time=2024-11-10 00:19:05.293872, Counts=1240
2024-11-10 00:19:05,383 - INFO - Datos insertados: Device=motor_encoder, Time=2024-11-10 00:19:05.359943, Counts=1292
2024-11-10 00:19:05,419 - INFO - Datos insertados: Device=motor_encoder, Time=2024-11-10 00:19:05.395493, Counts=1343
2024-11-10 00:19:05,469 - INFO - Datos insertados: Device=motor_encoder, Time=2024-11-10 00:19:05.446295, Counts=1395
2024-11-10 00:19:05,532 - INFO - Datos insertados: Device=motor_encoder, Time=2024-11-10 00:19:05.497284, Counts=1448
2024-11-10 00:19:05,573 - INFO - Datos insertados: Device=motor_encoder, Time=2024-11-10 00:19:05.550025, Counts=1501
2024-11-10 00:19:05,621 - INFO - Datos insertados: Device=motor_encoder, Time=2024-11-10 00:19:05.599233, Counts=1552
2024-11-10 00:19:05,676 - INFO - Datos insertados: Device=motor_encoder, Time=2024-11-10 00:19:05.651842, Counts=1605
2024-11-10 00:19:05,730 - INFO - Datos insertados: Device=motor_encoder, Time=2024-11-10 00:19:05.708395, Counts=1657
2024-11-10 00:19:05,776 - INFO - Datos insertados: Device=motor_encoder, Time=2024-11-10 00:19:05.754054, Counts=1711
2024-11-10 00:19:05,844 - INFO - Datos insertados: Device=motor_encoder, Time=2024-11-10 00:19:05.805414, Counts=1765
2024-11-10 00:19:05,881 - INFO - Datos insertados: Device=motor_encoder, Time=2024-11-10 00:19:05.857539, Counts=1819
2024-11-10 00:19:05,931 - INFO - Datos insertados: Device=motor_encoder, Time=2024-11-10 00:19:05.907897, Counts=1873
2024-11-10 00:19:05,983 - INFO - Datos insertados: Device=motor_encoder, Time=2024-11-10 00:19:05.959148, Counts=1928
2024-11-10 00:19:06,033 - INFO - Datos insertados: Device=motor_encoder, Time=2024-11-10 00:19:06.009859, Counts=1981
2024-11-10 00:19:06,097 - INFO - Datos insertados: Device=motor_encoder, Time=2024-11-10 00:19:06.061317, Counts=2036
2024-11-10 00:19:06,136 - INFO - Datos insertados: Device=motor_encoder, Time=2024-11-10 00:19:06.113076, Counts=2091
2024-11-10 00:19:06,187 - INFO - Datos insertados: Device=motor_encoder, Time=2024-11-10 00:19:06.163273, Counts=2147
2024-11-10 00:19:06,269 - INFO - Datos insertados: Device=motor_encoder, Time=2024-11-10 00:19:06.214661, Counts=2202
2024-11-10 00:19:06,301 - INFO - Datos insertados: Device=motor_encoder, Time=2024-11-10 00:19:06.278182, Counts=2258
2024-11-10 00:19:06,341 - INFO - Datos insertados: Device=motor_encoder, Time=2024-11-10 00:19:06.316079, Counts=2313
2024-11-10 00:19:06,408 - INFO - Datos insertados: Device=motor_encoder, Time=2024-11-10 00:19:06.369893, Counts=2369
2024-11-10 00:19:06,443 - INFO - Datos insertados: Device=motor_encoder, Time=2024-11-10 00:19:06.420153, Counts=9
2024-11-10 00:32:50,595 - INFO - Datos insertados: Device=motor_encoder, Time=2024-11-10 00:32:50.572589, Counts=2
2024-11-10 00:32:50,820 - INFO - Datos insertados: Device=motor_encoder, Time=2024-11-10 00:32:50.796260, Counts=10
2024-11-10 00:32:50,936 - INFO - Datos insertados: Device=motor_encoder, Time=2024-11-10 00:32:50.912777, Counts=14
2024-11-10 00:32:50,990 - INFO - Datos insertados: Device=motor_encoder, Time=2024-11-10 00:32:50.969492, Counts=20
2024-11-10 00:32:51,251 - INFO - Datos insertados: Device=motor_encoder, Time=2024-11-10 00:32:51.216008, Counts=24
2024-11-10 00:32:51,290 - INFO - Datos insertados: Device=motor_encoder, Time=2024-11-10 00:32:51.267574, Counts=33
2024-11-10 00:32:51,592 - INFO - Datos insertados: Device=motor_encoder, Time=2024-11-10 00:32:51.559379, Counts=36
2024-11-10 00:32:51,637 - INFO - Datos insertados: Device=motor_encoder, Time=2024-11-10 00:32:51.615001, Counts=28
2024-11-10 00:32:51,690 - INFO - Datos insertados: Device=motor_encoder, Time=2024-11-10 00:32:51.670408, Counts=16
2024-11-10 00:32:51,980 - INFO - Datos insertados: Device=motor_encoder, Time=2024-11-10 00:32:51.949172, Counts=15
2024-11-10 00:32:52,340 - INFO - Datos insertados: Device=motor_encoder, Time=2024-11-10 00:32:52.319015, Counts=12
2024-11-10 00:32:52,396 - INFO - Datos insertados: Device=motor_encoder, Time=2024-11-10 00:32:52.372439, Counts=5
2024-11-10 00:32:52,658 - INFO - Datos insertados: Device=motor_encoder, Time=2024-11-10 00:32:52.632458, Counts=1
2024-11-10 00:32:52,712 - INFO - Datos insertados: Device=motor_encoder, Time=2024-11-10 00:32:52.687921, Counts=-8
2024-11-10 00:32:53,035 - INFO - Datos insertados: Device=motor_encoder, Time=2024-11-10 00:32:52.999528, Counts=-15
2024-11-10 00:32:53,076 - INFO - Datos insertados: Device=motor_encoder, Time=2024-11-10 00:32:53.051331, Counts=-22
2024-11-10 00:32:53,378 - INFO - Datos insertados: Device=motor_encoder, Time=2024-11-10 00:32:53.350492, Counts=-21
2024-11-10 00:32:53,433 - INFO - Datos insertados: Device=motor_encoder, Time=2024-11-10 00:32:53.408535, Counts=-16
2024-11-10 00:32:53,697 - INFO - Datos insertados: Device=motor_encoder, Time=2024-11-10 00:32:53.674538, Counts=-14
2024-11-10 00:32:53,962 - INFO - Datos insertados: Device=motor_encoder, Time=2024-11-10 00:32:53.938060, Counts=-12
2024-11-10 00:32:54,032 - INFO - Datos insertados: Device=motor_encoder, Time=2024-11-10 00:32:53.997526, Counts=-10
2024-11-10 00:35:02,289 - INFO - Señal de terminación recibida. Cerrando aplicación...
2024-11-10 00:35:04,441 - INFO - Iniciando loop MQTT...
2024-11-10 00:35:04,447 - INFO - Conectado exitosamente al broker MQTT
2024-11-10 00:35:04,451 - INFO - Suscrito al topic: sensor/data
2024-11-10 00:35:26,857 - INFO - Datos insertados: Device=motor_encoder, Time=2024-11-10 00:35:26.844598, Counts=-11
2024-11-10 00:35:26,916 - INFO - Datos insertados: Device=motor_encoder, Time=2024-11-10 00:35:26.901355, Counts=-32
2024-11-10 00:35:26,961 - INFO - Datos insertados: Device=motor_encoder, Time=2024-11-10 00:35:26.946718, Counts=-63
2024-11-10 00:35:27,008 - INFO - Datos insertados: Device=motor_encoder, Time=2024-11-10 00:35:26.993214, Counts=-104
2024-11-10 00:35:27,058 - INFO - Datos insertados: Device=motor_encoder, Time=2024-11-10 00:35:27.045580, Counts=-154
2024-11-10 00:35:27,109 - INFO - Datos insertados: Device=motor_encoder, Time=2024-11-10 00:35:27.097497, Counts=-201
2024-11-10 00:35:27,159 - INFO - Datos insertados: Device=motor_encoder, Time=2024-11-10 00:35:27.147507, Counts=-253
2024-11-10 00:35:27,206 - INFO - Datos insertados: Device=motor_encoder, Time=2024-11-10 00:35:27.194707, Counts=-301
2024-11-10 00:35:27,261 - INFO - Datos insertados: Device=motor_encoder, Time=2024-11-10 00:35:27.250338, Counts=-355
2024-11-10 00:35:27,311 - INFO - Datos insertados: Device=motor_encoder, Time=2024-11-10 00:35:27.297635, Counts=-405
2024-11-10 00:35:27,365 - INFO - Datos insertados: Device=motor_encoder, Time=2024-11-10 00:35:27.351725, Counts=-458
2024-11-10 00:35:27,414 - INFO - Datos insertados: Device=motor_encoder, Time=2024-11-10 00:35:27.400894, Counts=-506
2024-11-10 00:35:27,467 - INFO - Datos insertados: Device=motor_encoder, Time=2024-11-10 00:35:27.453734, Counts=-559
2024-11-10 00:35:27,514 - INFO - Datos insertados: Device=motor_encoder, Time=2024-11-10 00:35:27.502730, Counts=-608
2024-11-10 00:35:27,568 - INFO - Datos insertados: Device=motor_encoder, Time=2024-11-10 00:35:27.557110, Counts=-660
2024-11-10 00:35:27,617 - INFO - Datos insertados: Device=motor_encoder, Time=2024-11-10 00:35:27.605734, Counts=-708
2024-11-10 00:35:27,677 - INFO - Datos insertados: Device=motor_encoder, Time=2024-11-10 00:35:27.664387, Counts=-759
2024-11-10 00:35:27,734 - INFO - Datos insertados: Device=motor_encoder, Time=2024-11-10 00:35:27.720552, Counts=-807
2024-11-10 00:35:27,784 - INFO - Datos insertados: Device=motor_encoder, Time=2024-11-10 00:35:27.770011, Counts=-859
2024-11-10 00:35:27,827 - INFO - Datos insertados: Device=motor_encoder, Time=2024-11-10 00:35:27.813463, Counts=-907
2024-11-10 00:35:27,900 - INFO - Datos insertados: Device=motor_encoder, Time=2024-11-10 00:35:27.884268, Counts=-958
2024-11-10 00:35:27,945 - INFO - Datos insertados: Device=motor_encoder, Time=2024-11-10 00:35:27.933985, Counts=-1006
2024-11-10 00:35:27,982 - INFO - Datos insertados: Device=motor_encoder, Time=2024-11-10 00:35:27.970778, Counts=-1056
2024-11-10 00:35:28,024 - INFO - Datos insertados: Device=motor_encoder, Time=2024-11-10 00:35:28.012847, Counts=-1105
2024-11-10 00:35:28,080 - INFO - Datos insertados: Device=motor_encoder, Time=2024-11-10 00:35:28.067590, Counts=-1155
2024-11-10 00:35:28,129 - INFO - Datos insertados: Device=motor_encoder, Time=2024-11-10 00:35:28.116148, Counts=-1205
2024-11-10 00:35:28,184 - INFO - Datos insertados: Device=motor_encoder, Time=2024-11-10 00:35:28.170112, Counts=-1254
2024-11-10 00:35:28,233 - INFO - Datos insertados: Device=motor_encoder, Time=2024-11-10 00:35:28.220314, Counts=-1304
2024-11-10 00:35:28,286 - INFO - Datos insertados: Device=motor_encoder, Time=2024-11-10 00:35:28.274714, Counts=-1353
2024-11-10 00:35:28,334 - INFO - Datos insertados: Device=motor_encoder, Time=2024-11-10 00:35:28.322434, Counts=-1403
2024-11-10 00:35:28,386 - INFO - Datos insertados: Device=motor_encoder, Time=2024-11-10 00:35:28.374951, Counts=-1451
2024-11-10 00:35:28,434 - INFO - Datos insertados: Device=motor_encoder, Time=2024-11-10 00:35:28.422834, Counts=-1502
2024-11-10 00:35:28,491 - INFO - Datos insertados: Device=motor_encoder, Time=2024-11-10 00:35:28.477433, Counts=-1549
2024-11-10 00:35:28,539 - INFO - Datos insertados: Device=motor_encoder, Time=2024-11-10 00:35:28.525523, Counts=-1601
2024-11-10 00:35:28,596 - INFO - Datos insertados: Device=motor_encoder, Time=2024-11-10 00:35:28.580938, Counts=-1649
2024-11-10 00:35:28,643 - INFO - Datos insertados: Device=motor_encoder, Time=2024-11-10 00:35:28.630002, Counts=-1700
2024-11-10 00:35:28,693 - INFO - Datos insertados: Device=motor_encoder, Time=2024-11-10 00:35:28.681803, Counts=-1748
2024-11-10 00:35:28,743 - INFO - Datos insertados: Device=motor_encoder, Time=2024-11-10 00:35:28.732087, Counts=-1798
2024-11-10 00:35:28,792 - INFO - Datos insertados: Device=motor_encoder, Time=2024-11-10 00:35:28.781842, Counts=-1847
2024-11-10 00:35:28,847 - INFO - Datos insertados: Device=motor_encoder, Time=2024-11-10 00:35:28.833769, Counts=-1898
2024-11-10 00:35:28,897 - INFO - Datos insertados: Device=motor_encoder, Time=2024-11-10 00:35:28.883900, Counts=-1946
2024-11-10 00:35:28,946 - INFO - Datos insertados: Device=motor_encoder, Time=2024-11-10 00:35:28.932798, Counts=-1996
2024-11-10 00:35:29,007 - INFO - Datos insertados: Device=motor_encoder, Time=2024-11-10 00:35:28.989331, Counts=-2046
2024-11-10 00:35:29,051 - INFO - Datos insertados: Device=motor_encoder, Time=2024-11-10 00:35:29.039608, Counts=-2097
2024-11-10 00:35:29,102 - INFO - Datos insertados: Device=motor_encoder, Time=2024-11-10 00:35:29.091016, Counts=-2146
2024-11-10 00:35:29,152 - INFO - Datos insertados: Device=motor_encoder, Time=2024-11-10 00:35:29.138761, Counts=-2196
2024-11-10 00:35:29,207 - INFO - Datos insertados: Device=motor_encoder, Time=2024-11-10 00:35:29.193969, Counts=-2246
2024-11-10 00:35:29,252 - INFO - Datos insertados: Device=motor_encoder, Time=2024-11-10 00:35:29.241565, Counts=-2295
2024-11-10 00:35:29,308 - INFO - Datos insertados: Device=motor_encoder, Time=2024-11-10 00:35:29.296342, Counts=-2346
2024-11-10 00:35:29,357 - INFO - Datos insertados: Device=motor_encoder, Time=2024-11-10 00:35:29.344687, Counts=-2394
2024-11-10 00:35:29,410 - INFO - Datos insertados: Device=motor_encoder, Time=2024-11-10 00:35:29.397814, Counts=0
2024-11-10 00:35:29,489 - INFO - Datos insertados: Device=motor_encoder, Time=2024-11-10 00:35:29.447266, Counts=35
2024-11-10 00:35:29,527 - INFO - Datos insertados: Device=motor_encoder, Time=2024-11-10 00:35:29.514544, Counts=79
2024-11-10 00:35:29,597 - INFO - Datos insertados: Device=motor_encoder, Time=2024-11-10 00:35:29.580642, Counts=128
2024-11-10 00:35:29,632 - INFO - Datos insertados: Device=motor_encoder, Time=2024-11-10 00:35:29.620448, Counts=181
2024-11-10 00:35:29,673 - INFO - Datos insertados: Device=motor_encoder, Time=2024-11-10 00:35:29.662281, Counts=235
2024-11-10 00:35:29,720 - INFO - Datos insertados: Device=motor_encoder, Time=2024-11-10 00:35:29.708763, Counts=291
2024-11-10 00:35:29,764 - INFO - Datos insertados: Device=motor_encoder, Time=2024-11-10 00:35:29.752487, Counts=346
2024-11-10 00:35:29,819 - INFO - Datos insertados: Device=motor_encoder, Time=2024-11-10 00:35:29.806486, Counts=401
2024-11-10 00:35:29,867 - INFO - Datos insertados: Device=motor_encoder, Time=2024-11-10 00:35:29.854300, Counts=457
2024-11-10 00:35:29,925 - INFO - Datos insertados: Device=motor_encoder, Time=2024-11-10 00:35:29.911387, Counts=510
2024-11-10 00:35:29,968 - INFO - Datos insertados: Device=motor_encoder, Time=2024-11-10 00:35:29.956447, Counts=565
2024-11-10 00:35:30,018 - INFO - Datos insertados: Device=motor_encoder, Time=2024-11-10 00:35:30.006822, Counts=619
2024-11-10 00:35:30,072 - INFO - Datos insertados: Device=motor_encoder, Time=2024-11-10 00:35:30.060892, Counts=674
2024-11-10 00:35:30,126 - INFO - Datos insertados: Device=motor_encoder, Time=2024-11-10 00:35:30.115007, Counts=727
2024-11-10 00:35:30,175 - INFO - Datos insertados: Device=motor_encoder, Time=2024-11-10 00:35:30.162208, Counts=781
2024-11-10 00:35:30,260 - INFO - Datos insertados: Device=motor_encoder, Time=2024-11-10 00:35:30.230638, Counts=834
2024-11-10 00:35:30,282 - INFO - Datos insertados: Device=motor_encoder, Time=2024-11-10 00:35:30.280152, Counts=888
2024-11-10 00:35:30,311 - INFO - Datos insertados: Device=motor_encoder, Time=2024-11-10 00:35:30.309355, Counts=940
2024-11-10 00:35:30,363 - INFO - Datos insertados: Device=motor_encoder, Time=2024-11-10 00:35:30.361296, Counts=993
2024-11-10 00:35:30,442 - INFO - Datos insertados: Device=motor_encoder, Time=2024-11-10 00:35:30.440227, Counts=1047
2024-11-10 00:35:30,473 - INFO - Datos insertados: Device=motor_encoder, Time=2024-11-10 00:35:30.471183, Counts=1101
2024-11-10 00:35:30,523 - INFO - Datos insertados: Device=motor_encoder, Time=2024-11-10 00:35:30.521718, Counts=1154
2024-11-10 00:35:30,603 - INFO - Datos insertados: Device=motor_encoder, Time=2024-11-10 00:35:30.591656, Counts=1207
2024-11-10 00:35:30,649 - INFO - Datos insertados: Device=motor_encoder, Time=2024-11-10 00:35:30.634138, Counts=1261
2024-11-10 00:35:30,689 - INFO - Datos insertados: Device=motor_encoder, Time=2024-11-10 00:35:30.673934, Counts=1315
2024-11-10 00:35:30,732 - INFO - Datos insertados: Device=motor_encoder, Time=2024-11-10 00:35:30.719193, Counts=1369
2024-11-10 00:35:30,786 - INFO - Datos insertados: Device=motor_encoder, Time=2024-11-10 00:35:30.772796, Counts=1423
2024-11-10 00:35:31,045 - INFO - Datos insertados: Device=motor_encoder, Time=2024-11-10 00:35:31.031461, Counts=1477
2024-11-10 00:35:31,085 - INFO - Datos insertados: Device=motor_encoder, Time=2024-11-10 00:35:31.074287, Counts=1531
2024-11-10 00:35:31,120 - INFO - Datos insertados: Device=motor_encoder, Time=2024-11-10 00:35:31.109817, Counts=1584
2024-11-10 00:35:31,159 - INFO - Datos insertados: Device=motor_encoder, Time=2024-11-10 00:35:31.148151, Counts=1638
2024-11-10 00:35:31,197 - INFO - Datos insertados: Device=motor_encoder, Time=2024-11-10 00:35:31.183817, Counts=1691
2024-11-10 00:35:31,242 - INFO - Datos insertados: Device=motor_encoder, Time=2024-11-10 00:35:31.229069, Counts=1746
2024-11-10 00:35:31,276 - INFO - Datos insertados: Device=motor_encoder, Time=2024-11-10 00:35:31.263538, Counts=1801
2024-11-10 00:35:31,315 - INFO - Datos insertados: Device=motor_encoder, Time=2024-11-10 00:35:31.302372, Counts=1856
2024-11-10 00:35:31,351 - INFO - Datos insertados: Device=motor_encoder, Time=2024-11-10 00:35:31.339924, Counts=1911
2024-11-10 00:35:31,397 - INFO - Datos insertados: Device=motor_encoder, Time=2024-11-10 00:35:31.386169, Counts=1967
2024-11-10 00:35:31,434 - INFO - Datos insertados: Device=motor_encoder, Time=2024-11-10 00:35:31.421152, Counts=2024
2024-11-10 00:35:31,468 - INFO - Datos insertados: Device=motor_encoder, Time=2024-11-10 00:35:31.457669, Counts=2080
2024-11-10 00:35:31,505 - INFO - Datos insertados: Device=motor_encoder, Time=2024-11-10 00:35:31.492100, Counts=2137
2024-11-10 00:35:31,541 - INFO - Datos insertados: Device=motor_encoder, Time=2024-11-10 00:35:31.527996, Counts=2193
2024-11-10 00:35:31,579 - INFO - Datos insertados: Device=motor_encoder, Time=2024-11-10 00:35:31.566436, Counts=2251
2024-11-10 00:35:31,616 - INFO - Datos insertados: Device=motor_encoder, Time=2024-11-10 00:35:31.603435, Counts=2307
2024-11-10 00:35:31,886 - INFO - Datos insertados: Device=motor_encoder, Time=2024-11-10 00:35:31.745382, Counts=2365
2024-11-10 00:35:31,925 - INFO - Datos insertados: Device=motor_encoder, Time=2024-11-10 00:35:31.913865, Counts=9
2024-11-10 00:35:31,964 - INFO - Datos insertados: Device=motor_encoder, Time=2024-11-10 00:35:31.952493, Counts=-17
2024-11-10 00:35:32,005 - INFO - Datos insertados: Device=motor_encoder, Time=2024-11-10 00:35:31.987490, Counts=-56
2024-11-10 00:35:32,042 - INFO - Datos insertados: Device=motor_encoder, Time=2024-11-10 00:35:32.028764, Counts=-99
2024-11-10 00:35:32,079 - INFO - Datos insertados: Device=motor_encoder, Time=2024-11-10 00:35:32.066254, Counts=-151
2024-11-10 00:35:32,118 - INFO - Datos insertados: Device=motor_encoder, Time=2024-11-10 00:35:32.104860, Counts=-199
2024-11-10 00:35:32,156 - INFO - Datos insertados: Device=motor_encoder, Time=2024-11-10 00:35:32.143555, Counts=-251
2024-11-10 00:35:32,194 - INFO - Datos insertados: Device=motor_encoder, Time=2024-11-10 00:35:32.182747, Counts=-301
2024-11-10 00:35:32,237 - INFO - Datos insertados: Device=motor_encoder, Time=2024-11-10 00:35:32.224346, Counts=-355
2024-11-10 00:35:32,276 - INFO - Datos insertados: Device=motor_encoder, Time=2024-11-10 00:35:32.262784, Counts=-405
2024-11-10 00:35:32,312 - INFO - Datos insertados: Device=motor_encoder, Time=2024-11-10 00:35:32.298134, Counts=-459
2024-11-10 00:35:32,347 - INFO - Datos insertados: Device=motor_encoder, Time=2024-11-10 00:35:32.336402, Counts=-508
2024-11-10 00:35:32,384 - INFO - Datos insertados: Device=motor_encoder, Time=2024-11-10 00:35:32.373020, Counts=-561
2024-11-10 00:35:32,424 - INFO - Datos insertados: Device=motor_encoder, Time=2024-11-10 00:35:32.412113, Counts=-610
2024-11-10 00:35:32,488 - INFO - Datos insertados: Device=motor_encoder, Time=2024-11-10 00:35:32.475918, Counts=-663
2024-11-10 00:35:32,515 - INFO - Datos insertados: Device=motor_encoder, Time=2024-11-10 00:35:32.502359, Counts=-712
2024-11-10 00:35:32,537 - INFO - Datos insertados: Device=motor_encoder, Time=2024-11-10 00:35:32.535114, Counts=-765
2024-11-10 00:35:32,604 - INFO - Datos insertados: Device=motor_encoder, Time=2024-11-10 00:35:32.578852, Counts=-814
2024-11-10 00:35:32,660 - INFO - Datos insertados: Device=motor_encoder, Time=2024-11-10 00:35:32.652562, Counts=-866
2024-11-10 00:35:32,715 - INFO - Datos insertados: Device=motor_encoder, Time=2024-11-10 00:35:32.707827, Counts=-915
2024-11-10 00:35:32,780 - INFO - Datos insertados: Device=motor_encoder, Time=2024-11-10 00:35:32.763959, Counts=-968
2024-11-10 00:35:32,834 - INFO - Datos insertados: Device=motor_encoder, Time=2024-11-10 00:35:32.820797, Counts=-1018
2024-11-10 00:35:32,884 - INFO - Datos insertados: Device=motor_encoder, Time=2024-11-10 00:35:32.882624, Counts=-1070
2024-11-10 00:35:32,980 - INFO - Datos insertados: Device=motor_encoder, Time=2024-11-10 00:35:32.965840, Counts=-1119
2024-11-10 00:35:33,017 - INFO - Datos insertados: Device=motor_encoder, Time=2024-11-10 00:35:33.003622, Counts=-1172
2024-11-10 00:35:33,054 - INFO - Datos insertados: Device=motor_encoder, Time=2024-11-10 00:35:33.040368, Counts=-1222
2024-11-10 00:35:33,091 - INFO - Datos insertados: Device=motor_encoder, Time=2024-11-10 00:35:33.078461, Counts=-1273
2024-11-10 00:35:33,134 - INFO - Datos insertados: Device=motor_encoder, Time=2024-11-10 00:35:33.116231, Counts=-1322
2024-11-10 00:35:33,170 - INFO - Datos insertados: Device=motor_encoder, Time=2024-11-10 00:35:33.158564, Counts=-1373
2024-11-10 00:35:33,206 - INFO - Datos insertados: Device=motor_encoder, Time=2024-11-10 00:35:33.194273, Counts=-1423
2024-11-10 00:35:33,244 - INFO - Datos insertados: Device=motor_encoder, Time=2024-11-10 00:35:33.232880, Counts=-1474
2024-11-10 00:35:33,296 - INFO - Datos insertados: Device=motor_encoder, Time=2024-11-10 00:35:33.282793, Counts=-1523
2024-11-10 00:35:33,348 - INFO - Datos insertados: Device=motor_encoder, Time=2024-11-10 00:35:33.335280, Counts=-1573
2024-11-10 00:35:33,401 - INFO - Datos insertados: Device=motor_encoder, Time=2024-11-10 00:35:33.388716, Counts=-1623
2024-11-10 00:35:33,450 - INFO - Datos insertados: Device=motor_encoder, Time=2024-11-10 00:35:33.436929, Counts=-1673
2024-11-10 00:35:33,507 - INFO - Datos insertados: Device=motor_encoder, Time=2024-11-10 00:35:33.494112, Counts=-1724
2024-11-10 00:35:33,551 - INFO - Datos insertados: Device=motor_encoder, Time=2024-11-10 00:35:33.540107, Counts=-1774
2024-11-10 00:35:33,644 - INFO - Datos insertados: Device=motor_encoder, Time=2024-11-10 00:35:33.628788, Counts=-1825
2024-11-10 00:35:33,680 - INFO - Datos insertados: Device=motor_encoder, Time=2024-11-10 00:35:33.667695, Counts=-1875
2024-11-10 00:35:33,749 - INFO - Datos insertados: Device=motor_encoder, Time=2024-11-10 00:35:33.731435, Counts=-1926
2024-11-10 00:35:33,787 - INFO - Datos insertados: Device=motor_encoder, Time=2024-11-10 00:35:33.772844, Counts=-1974
2024-11-10 00:35:33,824 - INFO - Datos insertados: Device=motor_encoder, Time=2024-11-10 00:35:33.813380, Counts=-2025
2024-11-10 00:35:33,860 - INFO - Datos insertados: Device=motor_encoder, Time=2024-11-10 00:35:33.849493, Counts=-2074
2024-11-10 00:35:33,933 - INFO - Datos insertados: Device=motor_encoder, Time=2024-11-10 00:35:33.921432, Counts=-2126
2024-11-10 00:35:33,987 - INFO - Datos insertados: Device=motor_encoder, Time=2024-11-10 00:35:33.974948, Counts=-2175
2024-11-10 00:35:34,046 - INFO - Datos insertados: Device=motor_encoder, Time=2024-11-10 00:35:34.029227, Counts=-2228
2024-11-10 00:35:34,081 - INFO - Datos insertados: Device=motor_encoder, Time=2024-11-10 00:35:34.068613, Counts=-2277
2024-11-10 00:35:34,131 - INFO - Datos insertados: Device=motor_encoder, Time=2024-11-10 00:35:34.117529, Counts=-2330
2024-11-10 00:35:34,191 - INFO - Datos insertados: Device=motor_encoder, Time=2024-11-10 00:35:34.178550, Counts=-2379
2024-11-10 00:35:34,226 - INFO - Datos insertados: Device=motor_encoder, Time=2024-11-10 00:35:34.215576, Counts=-5
2024-11-10 00:35:34,277 - INFO - Datos insertados: Device=motor_encoder, Time=2024-11-10 00:35:34.265119, Counts=25
2024-11-10 00:35:34,346 - INFO - Datos insertados: Device=motor_encoder, Time=2024-11-10 00:35:34.335036, Counts=68
2024-11-10 00:35:34,386 - INFO - Datos insertados: Device=motor_encoder, Time=2024-11-10 00:35:34.373475, Counts=115
2024-11-10 00:35:34,428 - INFO - Datos insertados: Device=motor_encoder, Time=2024-11-10 00:35:34.414082, Counts=168
2024-11-10 00:35:34,491 - INFO - Datos insertados: Device=motor_encoder, Time=2024-11-10 00:35:34.478229, Counts=222
2024-11-10 00:35:34,534 - INFO - Datos insertados: Device=motor_encoder, Time=2024-11-10 00:35:34.521002, Counts=278
2024-11-10 00:35:34,579 - INFO - Datos insertados: Device=motor_encoder, Time=2024-11-10 00:35:34.567615, Counts=333
2024-11-10 00:35:34,650 - INFO - Datos insertados: Device=motor_encoder, Time=2024-11-10 00:35:34.639481, Counts=388
2024-11-10 00:35:34,688 - INFO - Datos insertados: Device=motor_encoder, Time=2024-11-10 00:35:34.676678, Counts=443
2024-11-10 00:35:34,724 - INFO - Datos insertados: Device=motor_encoder, Time=2024-11-10 00:35:34.712848, Counts=497
2024-11-10 00:35:34,780 - INFO - Datos insertados: Device=motor_encoder, Time=2024-11-10 00:35:34.766369, Counts=551
2024-11-10 00:35:34,835 - INFO - Datos insertados: Device=motor_encoder, Time=2024-11-10 00:35:34.820848, Counts=606
2024-11-10 00:35:34,887 - INFO - Datos insertados: Device=motor_encoder, Time=2024-11-10 00:35:34.872798, Counts=660
2024-11-10 00:35:34,946 - INFO - Datos insertados: Device=motor_encoder, Time=2024-11-10 00:35:34.932093, Counts=713
2024-11-10 00:35:34,986 - INFO - Datos insertados: Device=motor_encoder, Time=2024-11-10 00:35:34.973959, Counts=768
2024-11-10 00:35:35,033 - INFO - Datos insertados: Device=motor_encoder, Time=2024-11-10 00:35:35.021896, Counts=820
2024-11-10 00:35:35,084 - INFO - Datos insertados: Device=motor_encoder, Time=2024-11-10 00:35:35.072433, Counts=874
2024-11-10 00:35:35,136 - INFO - Datos insertados: Device=motor_encoder, Time=2024-11-10 00:35:35.123831, Counts=926
2024-11-10 00:35:35,237 - INFO - Datos insertados: Device=motor_encoder, Time=2024-11-10 00:35:35.224913, Counts=979
2024-11-10 00:35:35,277 - INFO - Datos insertados: Device=motor_encoder, Time=2024-11-10 00:35:35.265904, Counts=1031
2024-11-10 00:35:35,317 - INFO - Datos insertados: Device=motor_encoder, Time=2024-11-10 00:35:35.306298, Counts=1084
2024-11-10 00:35:35,359 - INFO - Datos insertados: Device=motor_encoder, Time=2024-11-10 00:35:35.347991, Counts=1136
2024-11-10 00:35:35,394 - INFO - Datos insertados: Device=motor_encoder, Time=2024-11-10 00:35:35.383613, Counts=1189
2024-11-10 00:35:35,441 - INFO - Datos insertados: Device=motor_encoder, Time=2024-11-10 00:35:35.428081, Counts=1240
2024-11-10 00:35:35,500 - INFO - Datos insertados: Device=motor_encoder, Time=2024-11-10 00:35:35.486842, Counts=1293
2024-11-10 00:35:35,543 - INFO - Datos insertados: Device=motor_encoder, Time=2024-11-10 00:35:35.530123, Counts=1345
2024-11-10 00:35:35,597 - INFO - Datos insertados: Device=motor_encoder, Time=2024-11-10 00:35:35.584224, Counts=1398
2024-11-10 00:35:35,642 - INFO - Datos insertados: Device=motor_encoder, Time=2024-11-10 00:35:35.630149, Counts=1450
2024-11-10 00:35:35,698 - INFO - Datos insertados: Device=motor_encoder, Time=2024-11-10 00:35:35.686753, Counts=1503
2024-11-10 00:35:35,751 - INFO - Datos insertados: Device=motor_encoder, Time=2024-11-10 00:35:35.738725, Counts=1554
2024-11-10 00:35:35,798 - INFO - Datos insertados: Device=motor_encoder, Time=2024-11-10 00:35:35.786072, Counts=1606
2024-11-10 00:35:35,862 - INFO - Datos insertados: Device=motor_encoder, Time=2024-11-10 00:35:35.848023, Counts=1658
2024-11-10 00:35:35,904 - INFO - Datos insertados: Device=motor_encoder, Time=2024-11-10 00:35:35.889653, Counts=1711
2024-11-10 00:35:35,952 - INFO - Datos insertados: Device=motor_encoder, Time=2024-11-10 00:35:35.939679, Counts=1764
2024-11-10 00:35:36,005 - INFO - Datos insertados: Device=motor_encoder, Time=2024-11-10 00:35:35.992040, Counts=1818
2024-11-10 00:35:36,059 - INFO - Datos insertados: Device=motor_encoder, Time=2024-11-10 00:35:36.045668, Counts=1870
2024-11-10 00:35:36,106 - INFO - Datos insertados: Device=motor_encoder, Time=2024-11-10 00:35:36.094850, Counts=1924
2024-11-10 00:35:36,158 - INFO - Datos insertados: Device=motor_encoder, Time=2024-11-10 00:35:36.147480, Counts=1975
2024-11-10 00:35:36,208 - INFO - Datos insertados: Device=motor_encoder, Time=2024-11-10 00:35:36.196696, Counts=2029
2024-11-10 00:35:36,259 - INFO - Datos insertados: Device=motor_encoder, Time=2024-11-10 00:35:36.246005, Counts=2082
2024-11-10 00:35:36,309 - INFO - Datos insertados: Device=motor_encoder, Time=2024-11-10 00:35:36.296010, Counts=2137
2024-11-10 00:35:36,362 - INFO - Datos insertados: Device=motor_encoder, Time=2024-11-10 00:35:36.349412, Counts=2191
2024-11-10 00:35:36,414 - INFO - Datos insertados: Device=motor_encoder, Time=2024-11-10 00:35:36.401288, Counts=2246
2024-11-10 00:35:36,469 - INFO - Datos insertados: Device=motor_encoder, Time=2024-11-10 00:35:36.456103, Counts=2299
2024-11-10 00:35:36,518 - INFO - Datos insertados: Device=motor_encoder, Time=2024-11-10 00:35:36.507175, Counts=2355
2024-11-10 00:35:36,579 - INFO - Datos insertados: Device=motor_encoder, Time=2024-11-10 00:35:36.567443, Counts=8
2024-11-10 00:35:36,625 - INFO - Datos insertados: Device=motor_encoder, Time=2024-11-10 00:35:36.614016, Counts=-9
2024-11-10 00:35:36,666 - INFO - Datos insertados: Device=motor_encoder, Time=2024-11-10 00:35:36.651836, Counts=-47
2024-11-10 00:35:36,724 - INFO - Datos insertados: Device=motor_encoder, Time=2024-11-10 00:35:36.710130, Counts=-89
2024-11-10 00:35:36,778 - INFO - Datos insertados: Device=motor_encoder, Time=2024-11-10 00:35:36.765134, Counts=-141
2024-11-10 00:35:36,833 - INFO - Datos insertados: Device=motor_encoder, Time=2024-11-10 00:35:36.814210, Counts=-188
2024-11-10 00:35:36,886 - INFO - Datos insertados: Device=motor_encoder, Time=2024-11-10 00:35:36.875335, Counts=-240
2024-11-10 00:35:36,922 - INFO - Datos insertados: Device=motor_encoder, Time=2024-11-10 00:35:36.911556, Counts=-289
2024-11-10 00:35:36,977 - INFO - Datos insertados: Device=motor_encoder, Time=2024-11-10 00:35:36.966058, Counts=-342
2024-11-10 00:35:37,023 - INFO - Datos insertados: Device=motor_encoder, Time=2024-11-10 00:35:37.012325, Counts=-391
2024-11-10 00:35:37,107 - INFO - Datos insertados: Device=motor_encoder, Time=2024-11-10 00:35:37.093324, Counts=-444
2024-11-10 00:35:37,144 - INFO - Datos insertados: Device=motor_encoder, Time=2024-11-10 00:35:37.130926, Counts=-493
2024-11-10 00:35:37,182 - INFO - Datos insertados: Device=motor_encoder, Time=2024-11-10 00:35:37.169057, Counts=-545
2024-11-10 00:35:37,230 - INFO - Datos insertados: Device=motor_encoder, Time=2024-11-10 00:35:37.216682, Counts=-594
2024-11-10 00:35:37,459 - INFO - Datos insertados: Device=motor_encoder, Time=2024-11-10 00:35:37.269036, Counts=-646
2024-11-10 00:35:37,499 - INFO - Datos insertados: Device=motor_encoder, Time=2024-11-10 00:35:37.486966, Counts=-695
2024-11-10 00:35:37,541 - INFO - Datos insertados: Device=motor_encoder, Time=2024-11-10 00:35:37.529140, Counts=-746
2024-11-10 00:35:37,583 - INFO - Datos insertados: Device=motor_encoder, Time=2024-11-10 00:35:37.570134, Counts=-796
2024-11-10 00:35:37,619 - INFO - Datos insertados: Device=motor_encoder, Time=2024-11-10 00:35:37.606020, Counts=-848
2024-11-10 00:35:37,670 - INFO - Datos insertados: Device=motor_encoder, Time=2024-11-10 00:35:37.656489, Counts=-898
2024-11-10 00:35:37,706 - INFO - Datos insertados: Device=motor_encoder, Time=2024-11-10 00:35:37.693442, Counts=-948
2024-11-10 00:35:37,742 - INFO - Datos insertados: Device=motor_encoder, Time=2024-11-10 00:35:37.728405, Counts=-998
2024-11-10 00:35:37,780 - INFO - Datos insertados: Device=motor_encoder, Time=2024-11-10 00:35:37.769031, Counts=-1049
2024-11-10 00:35:37,826 - INFO - Datos insertados: Device=motor_encoder, Time=2024-11-10 00:35:37.815071, Counts=-1100
2024-11-10 00:35:37,862 - INFO - Datos insertados: Device=motor_encoder, Time=2024-11-10 00:35:37.850486, Counts=-1150
2024-11-10 00:35:37,897 - INFO - Datos insertados: Device=motor_encoder, Time=2024-11-10 00:35:37.884489, Counts=-1200
2024-11-10 00:35:37,938 - INFO - Datos insertados: Device=motor_encoder, Time=2024-11-10 00:35:37.922146, Counts=-1249
2024-11-10 00:35:37,973 - INFO - Datos insertados: Device=motor_encoder, Time=2024-11-10 00:35:37.960284, Counts=-1300
2024-11-10 00:35:38,023 - INFO - Datos insertados: Device=motor_encoder, Time=2024-11-10 00:35:38.009899, Counts=-1349
2024-11-10 00:35:38,058 - INFO - Datos insertados: Device=motor_encoder, Time=2024-11-10 00:35:38.045529, Counts=-1399
2024-11-10 00:35:38,108 - INFO - Datos insertados: Device=motor_encoder, Time=2024-11-10 00:35:38.094905, Counts=-1448
2024-11-10 00:35:38,151 - INFO - Datos insertados: Device=motor_encoder, Time=2024-11-10 00:35:38.138670, Counts=-1500
2024-11-10 00:35:38,205 - INFO - Datos insertados: Device=motor_encoder, Time=2024-11-10 00:35:38.191467, Counts=-1548
2024-11-10 00:35:38,253 - INFO - Datos insertados: Device=motor_encoder, Time=2024-11-10 00:35:38.240041, Counts=-1600
2024-11-10 00:35:38,307 - INFO - Datos insertados: Device=motor_encoder, Time=2024-11-10 00:35:38.296340, Counts=-1649
2024-11-10 00:35:38,359 - INFO - Datos insertados: Device=motor_encoder, Time=2024-11-10 00:35:38.347487, Counts=-1700
2024-11-10 00:35:38,407 - INFO - Datos insertados: Device=motor_encoder, Time=2024-11-10 00:35:38.396395, Counts=-1749
2024-11-10 00:35:38,462 - INFO - Datos insertados: Device=motor_encoder, Time=2024-11-10 00:35:38.450614, Counts=-1800
2024-11-10 00:35:38,521 - INFO - Datos insertados: Device=motor_encoder, Time=2024-11-10 00:35:38.507965, Counts=-1849
2024-11-10 00:35:38,567 - INFO - Datos insertados: Device=motor_encoder, Time=2024-11-10 00:35:38.554165, Counts=-1901
2024-11-10 00:35:38,612 - INFO - Datos insertados: Device=motor_encoder, Time=2024-11-10 00:35:38.599145, Counts=-1950
2024-11-10 00:35:38,666 - INFO - Datos insertados: Device=motor_encoder, Time=2024-11-10 00:35:38.654142, Counts=-2000
2024-11-10 00:35:38,710 - INFO - Datos insertados: Device=motor_encoder, Time=2024-11-10 00:35:38.699082, Counts=-2050
2024-11-10 00:35:38,793 - INFO - Datos insertados: Device=motor_encoder, Time=2024-11-10 00:35:38.752392, Counts=-2101
2024-11-10 00:35:38,833 - INFO - Datos insertados: Device=motor_encoder, Time=2024-11-10 00:35:38.822718, Counts=-2150
2024-11-10 00:35:38,882 - INFO - Datos insertados: Device=motor_encoder, Time=2024-11-10 00:35:38.870340, Counts=-2201
2024-11-10 00:35:38,919 - INFO - Datos insertados: Device=motor_encoder, Time=2024-11-10 00:35:38.906501, Counts=-2251
2024-11-10 00:35:38,967 - INFO - Datos insertados: Device=motor_encoder, Time=2024-11-10 00:35:38.953882, Counts=-2301
2024-11-10 00:35:39,022 - INFO - Datos insertados: Device=motor_encoder, Time=2024-11-10 00:35:39.007508, Counts=-2351
2024-11-10 00:35:39,073 - INFO - Datos insertados: Device=motor_encoder, Time=2024-11-10 00:35:39.058802, Counts=0
2024-11-10 00:35:39,122 - INFO - Datos insertados: Device=motor_encoder, Time=2024-11-10 00:35:39.110816, Counts=3
2024-11-10 00:35:39,172 - INFO - Datos insertados: Device=motor_encoder, Time=2024-11-10 00:35:39.161220, Counts=40
2024-11-10 00:35:39,224 - INFO - Datos insertados: Device=motor_encoder, Time=2024-11-10 00:35:39.212814, Counts=84
2024-11-10 00:35:39,272 - INFO - Datos insertados: Device=motor_encoder, Time=2024-11-10 00:35:39.261106, Counts=134
2024-11-10 00:35:39,326 - INFO - Datos insertados: Device=motor_encoder, Time=2024-11-10 00:35:39.313520, Counts=187
2024-11-10 00:35:39,376 - INFO - Datos insertados: Device=motor_encoder, Time=2024-11-10 00:35:39.362679, Counts=240
2024-11-10 00:35:39,427 - INFO - Datos insertados: Device=motor_encoder, Time=2024-11-10 00:35:39.414000, Counts=295
2024-11-10 00:35:39,478 - INFO - Datos insertados: Device=motor_encoder, Time=2024-11-10 00:35:39.464867, Counts=350
2024-11-10 00:35:39,528 - INFO - Datos insertados: Device=motor_encoder, Time=2024-11-10 00:35:39.516124, Counts=404
2024-11-10 00:35:39,578 - INFO - Datos insertados: Device=motor_encoder, Time=2024-11-10 00:35:39.566891, Counts=459
2024-11-10 00:35:39,625 - INFO - Datos insertados: Device=motor_encoder, Time=2024-11-10 00:35:39.613839, Counts=511
2024-11-10 00:35:39,704 - INFO - Datos insertados: Device=motor_encoder, Time=2024-11-10 00:35:39.690386, Counts=566
2024-11-10 00:35:39,740 - INFO - Datos insertados: Device=motor_encoder, Time=2024-11-10 00:35:39.726260, Counts=619
2024-11-10 00:35:39,790 - INFO - Datos insertados: Device=motor_encoder, Time=2024-11-10 00:35:39.775595, Counts=673
2024-11-10 00:35:39,838 - INFO - Datos insertados: Device=motor_encoder, Time=2024-11-10 00:35:39.824525, Counts=726
2024-11-10 00:35:39,890 - INFO - Datos insertados: Device=motor_encoder, Time=2024-11-10 00:35:39.876530, Counts=779
2024-11-10 00:35:39,936 - INFO - Datos insertados: Device=motor_encoder, Time=2024-11-10 00:35:39.925385, Counts=830
2024-11-10 00:35:39,987 - INFO - Datos insertados: Device=motor_encoder, Time=2024-11-10 00:35:39.975768, Counts=883
2024-11-10 00:35:40,038 - INFO - Datos insertados: Device=motor_encoder, Time=2024-11-10 00:35:40.026907, Counts=934
2024-11-10 00:35:40,090 - INFO - Datos insertados: Device=motor_encoder, Time=2024-11-10 00:35:40.077145, Counts=987
2024-11-10 00:35:40,142 - INFO - Datos insertados: Device=motor_encoder, Time=2024-11-10 00:35:40.129123, Counts=1039
2024-11-10 00:35:40,193 - INFO - Datos insertados: Device=motor_encoder, Time=2024-11-10 00:35:40.179927, Counts=1091
2024-11-10 00:35:40,242 - INFO - Datos insertados: Device=motor_encoder, Time=2024-11-10 00:35:40.229063, Counts=1142
2024-11-10 00:35:40,293 - INFO - Datos insertados: Device=motor_encoder, Time=2024-11-10 00:35:40.282155, Counts=1195
2024-11-10 00:35:40,343 - INFO - Datos insertados: Device=motor_encoder, Time=2024-11-10 00:35:40.332767, Counts=1246
2024-11-10 00:35:40,394 - INFO - Datos insertados: Device=motor_encoder, Time=2024-11-10 00:35:40.382797, Counts=1298
2024-11-10 00:35:40,446 - INFO - Datos insertados: Device=motor_encoder, Time=2024-11-10 00:35:40.434834, Counts=1350
2024-11-10 00:35:40,497 - INFO - Datos insertados: Device=motor_encoder, Time=2024-11-10 00:35:40.486112, Counts=1403
2024-11-10 00:35:40,550 - INFO - Datos insertados: Device=motor_encoder, Time=2024-11-10 00:35:40.536434, Counts=1456
2024-11-10 00:35:40,603 - INFO - Datos insertados: Device=motor_encoder, Time=2024-11-10 00:35:40.588756, Counts=1509
2024-11-10 00:35:40,654 - INFO - Datos insertados: Device=motor_encoder, Time=2024-11-10 00:35:40.640152, Counts=1561
2024-11-10 00:35:40,702 - INFO - Datos insertados: Device=motor_encoder, Time=2024-11-10 00:35:40.690450, Counts=1614
2024-11-10 00:35:40,755 - INFO - Datos insertados: Device=motor_encoder, Time=2024-11-10 00:35:40.742819, Counts=1667
2024-11-10 00:35:40,802 - INFO - Datos insertados: Device=motor_encoder, Time=2024-11-10 00:35:40.790957, Counts=1721
2024-11-10 00:35:40,853 - INFO - Datos insertados: Device=motor_encoder, Time=2024-11-10 00:35:40.842329, Counts=1774
2024-11-10 00:35:40,909 - INFO - Datos insertados: Device=motor_encoder, Time=2024-11-10 00:35:40.896047, Counts=1829
2024-11-10 00:35:40,964 - INFO - Datos insertados: Device=motor_encoder, Time=2024-11-10 00:35:40.951297, Counts=1883
2024-11-10 00:35:41,012 - INFO - Datos insertados: Device=motor_encoder, Time=2024-11-10 00:35:40.999018, Counts=1937
2024-11-10 00:35:41,062 - INFO - Datos insertados: Device=motor_encoder, Time=2024-11-10 00:35:41.050904, Counts=1990
2024-11-10 00:35:41,124 - INFO - Datos insertados: Device=motor_encoder, Time=2024-11-10 00:35:41.113326, Counts=2045
2024-11-10 00:35:41,196 - INFO - Datos insertados: Device=motor_encoder, Time=2024-11-10 00:35:41.182740, Counts=2100
2024-11-10 00:35:41,232 - INFO - Datos insertados: Device=motor_encoder, Time=2024-11-10 00:35:41.219759, Counts=2156
2024-11-10 00:35:41,270 - INFO - Datos insertados: Device=motor_encoder, Time=2024-11-10 00:35:41.257253, Counts=2210
2024-11-10 00:35:41,334 - INFO - Datos insertados: Device=motor_encoder, Time=2024-11-10 00:35:41.321060, Counts=2265
2024-11-10 00:35:41,372 - INFO - Datos insertados: Device=motor_encoder, Time=2024-11-10 00:35:41.359169, Counts=2320
2024-11-10 00:35:41,424 - INFO - Datos insertados: Device=motor_encoder, Time=2024-11-10 00:35:41.411424, Counts=2376
2024-11-10 00:35:41,472 - INFO - Datos insertados: Device=motor_encoder, Time=2024-11-10 00:35:41.460295, Counts=7
2024-11-10 00:35:41,522 - INFO - Datos insertados: Device=motor_encoder, Time=2024-11-10 00:35:41.509887, Counts=-23
2024-11-10 00:35:41,639 - INFO - Datos insertados: Device=motor_encoder, Time=2024-11-10 00:35:41.628882, Counts=-62
2024-11-10 00:35:41,704 - INFO - Datos insertados: Device=motor_encoder, Time=2024-11-10 00:35:41.691128, Counts=-107
2024-11-10 01:14:40,337 - INFO - Señal de terminación recibida. Cerrando aplicación...
2024-11-10 01:14:42,471 - INFO - Conectado exitosamente al broker MQTT
2024-11-10 01:14:42,478 - INFO - Suscrito a los topics: sensor/data, sensor/request_state
2024-11-10 01:23:16,388 - WARNING - No se encontró último estado para ESP8266_1
2024-11-10 01:23:26,300 - INFO - Datos insertados: Device=ESP8266_1, Time=2024-11-10 01:23:26.285844, Counts=0
2024-11-10 01:23:29,816 - INFO - Datos insertados: Device=ESP8266_1, Time=2024-11-10 01:23:29.803113, Counts=0
2024-11-10 01:23:29,879 - INFO - Datos insertados: Device=ESP8266_1, Time=2024-11-10 01:23:29.865767, Counts=0
2024-11-10 01:23:29,920 - INFO - Datos insertados: Device=ESP8266_1, Time=2024-11-10 01:23:29.909185, Counts=0
2024-11-10 01:23:30,302 - INFO - Datos insertados: Device=ESP8266_1, Time=2024-11-10 01:23:30.288525, Counts=0
2024-11-10 01:23:31,310 - INFO - Datos insertados: Device=ESP8266_1, Time=2024-11-10 01:23:31.294653, Counts=0
2024-11-10 01:23:32,328 - INFO - Datos insertados: Device=ESP8266_1, Time=2024-11-10 01:23:32.314342, Counts=0
2024-11-10 01:23:33,314 - INFO - Datos insertados: Device=ESP8266_1, Time=2024-11-10 01:23:33.301408, Counts=0
2024-11-10 01:23:34,323 - INFO - Datos insertados: Device=ESP8266_1, Time=2024-11-10 01:23:34.307722, Counts=0
2024-11-10 01:23:35,319 - INFO - Datos insertados: Device=ESP8266_1, Time=2024-11-10 01:23:35.303629, Counts=0
2024-11-10 01:23:36,324 - INFO - Datos insertados: Device=ESP8266_1, Time=2024-11-10 01:23:36.309854, Counts=0
2024-11-10 01:23:37,321 - INFO - Datos insertados: Device=ESP8266_1, Time=2024-11-10 01:23:37.307452, Counts=0
2024-11-10 01:23:38,327 - INFO - Datos insertados: Device=ESP8266_1, Time=2024-11-10 01:23:38.310091, Counts=0
2024-11-10 01:23:39,329 - INFO - Datos insertados: Device=ESP8266_1, Time=2024-11-10 01:23:39.313761, Counts=0
2024-11-10 01:23:40,328 - INFO - Datos insertados: Device=ESP8266_1, Time=2024-11-10 01:23:40.314783, Counts=0
2024-11-10 01:23:41,338 - INFO - Datos insertados: Device=ESP8266_1, Time=2024-11-10 01:23:41.321760, Counts=0
2024-11-10 01:23:42,344 - INFO - Datos insertados: Device=ESP8266_1, Time=2024-11-10 01:23:42.328994, Counts=0
2024-11-10 01:23:43,344 - INFO - Datos insertados: Device=ESP8266_1, Time=2024-11-10 01:23:43.326792, Counts=0
2024-11-10 01:23:44,329 - INFO - Datos insertados: Device=ESP8266_1, Time=2024-11-10 01:23:44.317086, Counts=0
2024-11-10 01:23:45,377 - INFO - Datos insertados: Device=ESP8266_1, Time=2024-11-10 01:23:45.360793, Counts=0
2024-11-10 01:23:46,358 - INFO - Datos insertados: Device=ESP8266_1, Time=2024-11-10 01:23:46.340455, Counts=0
2024-11-10 01:23:47,363 - INFO - Datos insertados: Device=ESP8266_1, Time=2024-11-10 01:23:47.349228, Counts=0
2024-11-10 01:23:48,433 - INFO - Datos insertados: Device=ESP8266_1, Time=2024-11-10 01:23:48.416886, Counts=0
2024-11-10 01:23:49,378 - INFO - Datos insertados: Device=ESP8266_1, Time=2024-11-10 01:23:49.360113, Counts=0
2024-11-10 01:23:50,381 - INFO - Datos insertados: Device=ESP8266_1, Time=2024-11-10 01:23:50.364935, Counts=0
2024-11-10 01:23:51,428 - INFO - Datos insertados: Device=ESP8266_1, Time=2024-11-10 01:23:51.414361, Counts=0
2024-11-10 01:23:52,400 - INFO - Datos insertados: Device=ESP8266_1, Time=2024-11-10 01:23:52.384503, Counts=0
2024-11-10 01:23:53,379 - INFO - Datos insertados: Device=ESP8266_1, Time=2024-11-10 01:23:53.362032, Counts=0
2024-11-10 01:23:54,376 - INFO - Datos insertados: Device=ESP8266_1, Time=2024-11-10 01:23:54.362669, Counts=0
2024-11-10 01:23:55,408 - INFO - Datos insertados: Device=ESP8266_1, Time=2024-11-10 01:23:55.392253, Counts=0
2024-11-10 01:23:56,420 - INFO - Datos insertados: Device=ESP8266_1, Time=2024-11-10 01:23:56.404064, Counts=0
2024-11-10 01:23:57,400 - INFO - Datos insertados: Device=ESP8266_1, Time=2024-11-10 01:23:57.383251, Counts=0
2024-11-10 01:23:58,440 - INFO - Datos insertados: Device=ESP8266_1, Time=2024-11-10 01:23:58.424508, Counts=0
2024-11-10 01:23:59,478 - INFO - Datos insertados: Device=ESP8266_1, Time=2024-11-10 01:23:59.464209, Counts=0
2024-11-10 01:24:00,386 - INFO - Datos insertados: Device=ESP8266_1, Time=2024-11-10 01:24:00.370811, Counts=0
2024-11-10 01:24:01,383 - INFO - Datos insertados: Device=ESP8266_1, Time=2024-11-10 01:24:01.366609, Counts=0
2024-11-10 01:24:02,383 - INFO - Datos insertados: Device=ESP8266_1, Time=2024-11-10 01:24:02.369611, Counts=0
2024-11-10 01:24:03,390 - INFO - Datos insertados: Device=ESP8266_1, Time=2024-11-10 01:24:03.374640, Counts=0
2024-11-10 01:24:04,474 - INFO - Datos insertados: Device=ESP8266_1, Time=2024-11-10 01:24:04.458577, Counts=0
2024-11-10 01:24:05,402 - INFO - Datos insertados: Device=ESP8266_1, Time=2024-11-10 01:24:05.388583, Counts=0
2024-11-10 01:24:06,418 - INFO - Datos insertados: Device=ESP8266_1, Time=2024-11-10 01:24:06.402032, Counts=0
2024-11-10 01:24:07,402 - INFO - Datos insertados: Device=ESP8266_1, Time=2024-11-10 01:24:07.386196, Counts=0
2024-11-10 01:24:08,403 - INFO - Datos insertados: Device=ESP8266_1, Time=2024-11-10 01:24:08.387185, Counts=0
2024-11-10 01:24:09,410 - INFO - Datos insertados: Device=ESP8266_1, Time=2024-11-10 01:24:09.389207, Counts=0
2024-11-10 01:24:10,411 - INFO - Datos insertados: Device=ESP8266_1, Time=2024-11-10 01:24:10.394359, Counts=0
2024-11-10 01:24:11,409 - INFO - Datos insertados: Device=ESP8266_1, Time=2024-11-10 01:24:11.393181, Counts=0
2024-11-10 01:24:12,409 - INFO - Datos insertados: Device=ESP8266_1, Time=2024-11-10 01:24:12.394512, Counts=0
2024-11-10 01:24:13,413 - INFO - Datos insertados: Device=ESP8266_1, Time=2024-11-10 01:24:13.396151, Counts=0
2024-11-10 01:24:14,427 - INFO - Datos insertados: Device=ESP8266_1, Time=2024-11-10 01:24:14.412209, Counts=0
2024-11-10 01:24:15,427 - INFO - Datos insertados: Device=ESP8266_1, Time=2024-11-10 01:24:15.410465, Counts=0
2024-11-10 01:24:16,419 - INFO - Datos insertados: Device=ESP8266_1, Time=2024-11-10 01:24:16.404978, Counts=0
2024-11-10 01:24:17,436 - INFO - Datos insertados: Device=ESP8266_1, Time=2024-11-10 01:24:17.421303, Counts=0
2024-11-10 01:24:18,423 - INFO - Datos insertados: Device=ESP8266_1, Time=2024-11-10 01:24:18.409898, Counts=0
2024-11-10 01:24:19,436 - INFO - Datos insertados: Device=ESP8266_1, Time=2024-11-10 01:24:19.416740, Counts=0
2024-11-10 01:24:20,466 - INFO - Datos insertados: Device=ESP8266_1, Time=2024-11-10 01:24:20.450138, Counts=0
2024-11-10 01:24:21,433 - INFO - Datos insertados: Device=ESP8266_1, Time=2024-11-10 01:24:21.420001, Counts=0
2024-11-10 01:24:22,443 - INFO - Datos insertados: Device=ESP8266_1, Time=2024-11-10 01:24:22.427552, Counts=0
2024-11-10 01:24:23,440 - INFO - Datos insertados: Device=ESP8266_1, Time=2024-11-10 01:24:23.424083, Counts=0
2024-11-10 01:24:24,454 - INFO - Datos insertados: Device=ESP8266_1, Time=2024-11-10 01:24:24.436112, Counts=0
2024-11-10 01:24:25,486 - INFO - Datos insertados: Device=ESP8266_1, Time=2024-11-10 01:24:25.469112, Counts=0
2024-11-10 01:24:26,452 - INFO - Datos insertados: Device=ESP8266_1, Time=2024-11-10 01:24:26.436911, Counts=0
2024-11-10 01:24:27,450 - INFO - Datos insertados: Device=ESP8266_1, Time=2024-11-10 01:24:27.433900, Counts=0
2024-11-10 01:24:28,476 - INFO - Datos insertados: Device=ESP8266_1, Time=2024-11-10 01:24:28.462212, Counts=0
2024-11-10 01:24:29,497 - INFO - Datos insertados: Device=ESP8266_1, Time=2024-11-10 01:24:29.483666, Counts=0
2024-11-10 01:24:30,470 - INFO - Datos insertados: Device=ESP8266_1, Time=2024-11-10 01:24:30.454995, Counts=0
2024-11-10 01:24:31,454 - INFO - Datos insertados: Device=ESP8266_1, Time=2024-11-10 01:24:31.440482, Counts=0
2024-11-10 01:24:32,481 - INFO - Datos insertados: Device=ESP8266_1, Time=2024-11-10 01:24:32.467059, Counts=0
2024-11-10 01:24:33,482 - INFO - Datos insertados: Device=ESP8266_1, Time=2024-11-10 01:24:33.468293, Counts=0
2024-11-10 01:24:34,467 - INFO - Datos insertados: Device=ESP8266_1, Time=2024-11-10 01:24:34.453942, Counts=0
2024-11-10 01:24:35,483 - INFO - Datos insertados: Device=ESP8266_1, Time=2024-11-10 01:24:35.467241, Counts=0
2024-11-10 01:24:36,478 - INFO - Datos insertados: Device=ESP8266_1, Time=2024-11-10 01:24:36.462240, Counts=0
2024-11-10 01:24:37,539 - INFO - Datos insertados: Device=ESP8266_1, Time=2024-11-10 01:24:37.496516, Counts=0
2024-11-10 01:24:38,489 - INFO - Datos insertados: Device=ESP8266_1, Time=2024-11-10 01:24:38.475063, Counts=0
2024-11-10 01:24:39,480 - INFO - Datos insertados: Device=ESP8266_1, Time=2024-11-10 01:24:39.463568, Counts=0
2024-11-10 01:24:40,489 - INFO - Datos insertados: Device=ESP8266_1, Time=2024-11-10 01:24:40.472170, Counts=0
2024-11-10 01:24:41,483 - INFO - Datos insertados: Device=ESP8266_1, Time=2024-11-10 01:24:41.469329, Counts=0
2024-11-10 01:24:42,516 - INFO - Datos insertados: Device=ESP8266_1, Time=2024-11-10 01:24:42.500271, Counts=0
2024-11-10 01:24:43,492 - INFO - Datos insertados: Device=ESP8266_1, Time=2024-11-10 01:24:43.475706, Counts=0
2024-11-10 01:24:44,490 - INFO - Datos insertados: Device=ESP8266_1, Time=2024-11-10 01:24:44.475471, Counts=0
2024-11-10 01:24:45,501 - INFO - Datos insertados: Device=ESP8266_1, Time=2024-11-10 01:24:45.486055, Counts=0
2024-11-10 01:24:46,497 - INFO - Datos insertados: Device=ESP8266_1, Time=2024-11-10 01:24:46.481222, Counts=0
2024-11-10 01:24:47,498 - INFO - Datos insertados: Device=ESP8266_1, Time=2024-11-10 01:24:47.484323, Counts=0
2024-11-10 01:24:48,514 - INFO - Datos insertados: Device=ESP8266_1, Time=2024-11-10 01:24:48.498259, Counts=0
2024-11-10 01:24:49,504 - INFO - Datos insertados: Device=ESP8266_1, Time=2024-11-10 01:24:49.488831, Counts=0
2024-11-10 01:24:50,511 - INFO - Datos insertados: Device=ESP8266_1, Time=2024-11-10 01:24:50.497300, Counts=0
2024-11-10 01:24:51,512 - INFO - Datos insertados: Device=ESP8266_1, Time=2024-11-10 01:24:51.497863, Counts=0
2024-11-10 01:24:52,551 - INFO - Datos insertados: Device=ESP8266_1, Time=2024-11-10 01:24:52.534741, Counts=0
2024-11-10 01:24:53,594 - INFO - Datos insertados: Device=ESP8266_1, Time=2024-11-10 01:24:53.579964, Counts=0
2024-11-10 01:24:54,522 - INFO - Datos insertados: Device=ESP8266_1, Time=2024-11-10 01:24:54.505413, Counts=0
2024-11-10 01:24:55,520 - INFO - Datos insertados: Device=ESP8266_1, Time=2024-11-10 01:24:55.505158, Counts=0
2024-11-10 01:24:56,531 - INFO - Datos insertados: Device=ESP8266_1, Time=2024-11-10 01:24:56.514702, Counts=0
2024-11-10 01:24:57,525 - INFO - Datos insertados: Device=ESP8266_1, Time=2024-11-10 01:24:57.510355, Counts=0
2024-11-10 01:24:58,537 - INFO - Datos insertados: Device=ESP8266_1, Time=2024-11-10 01:24:58.520722, Counts=0
2024-11-10 01:24:59,542 - INFO - Datos insertados: Device=ESP8266_1, Time=2024-11-10 01:24:59.522781, Counts=0
2024-11-10 01:25:00,534 - INFO - Datos insertados: Device=ESP8266_1, Time=2024-11-10 01:25:00.519159, Counts=0
2024-11-10 01:25:01,552 - INFO - Datos insertados: Device=ESP8266_1, Time=2024-11-10 01:25:01.537004, Counts=0
2024-11-10 01:25:02,557 - INFO - Datos insertados: Device=ESP8266_1, Time=2024-11-10 01:25:02.543266, Counts=0
2024-11-10 01:25:03,547 - INFO - Datos insertados: Device=ESP8266_1, Time=2024-11-10 01:25:03.532879, Counts=0
2024-11-10 01:25:04,549 - INFO - Datos insertados: Device=ESP8266_1, Time=2024-11-10 01:25:04.533535, Counts=0
2024-11-10 01:25:05,547 - INFO - Datos insertados: Device=ESP8266_1, Time=2024-11-10 01:25:05.531279, Counts=0
2024-11-10 01:25:06,573 - INFO - Datos insertados: Device=ESP8266_1, Time=2024-11-10 01:25:06.560199, Counts=0
2024-11-10 01:25:07,552 - INFO - Datos insertados: Device=ESP8266_1, Time=2024-11-10 01:25:07.538201, Counts=0
2024-11-10 01:25:08,616 - INFO - Datos insertados: Device=ESP8266_1, Time=2024-11-10 01:25:08.601153, Counts=0
2024-11-10 01:25:09,558 - INFO - Datos insertados: Device=ESP8266_1, Time=2024-11-10 01:25:09.544862, Counts=0
2024-11-10 01:25:10,559 - INFO - Datos insertados: Device=ESP8266_1, Time=2024-11-10 01:25:10.543180, Counts=0
2024-11-10 01:25:11,561 - INFO - Datos insertados: Device=ESP8266_1, Time=2024-11-10 01:25:11.547307, Counts=0
2024-11-10 01:25:12,564 - INFO - Datos insertados: Device=ESP8266_1, Time=2024-11-10 01:25:12.551255, Counts=0
2024-11-10 01:25:13,575 - INFO - Datos insertados: Device=ESP8266_1, Time=2024-11-10 01:25:13.559669, Counts=0
2024-11-10 01:25:14,574 - INFO - Datos insertados: Device=ESP8266_1, Time=2024-11-10 01:25:14.555431, Counts=0
2024-11-10 01:25:15,574 - INFO - Datos insertados: Device=ESP8266_1, Time=2024-11-10 01:25:15.560230, Counts=0
2024-11-10 01:25:16,569 - INFO - Datos insertados: Device=ESP8266_1, Time=2024-11-10 01:25:16.556085, Counts=0
2024-11-10 01:25:17,578 - INFO - Datos insertados: Device=ESP8266_1, Time=2024-11-10 01:25:17.563004, Counts=0
2024-11-10 01:25:18,587 - INFO - Datos insertados: Device=ESP8266_1, Time=2024-11-10 01:25:18.571410, Counts=0
2024-11-10 01:25:19,594 - INFO - Datos insertados: Device=ESP8266_1, Time=2024-11-10 01:25:19.579799, Counts=0
2024-11-10 01:25:20,623 - INFO - Datos insertados: Device=ESP8266_1, Time=2024-11-10 01:25:20.607152, Counts=0
2024-11-10 01:25:21,585 - INFO - Datos insertados: Device=ESP8266_1, Time=2024-11-10 01:25:21.572205, Counts=0
2024-11-10 01:25:22,606 - INFO - Datos insertados: Device=ESP8266_1, Time=2024-11-10 01:25:22.590498, Counts=0
2024-11-10 01:25:23,595 - INFO - Datos insertados: Device=ESP8266_1, Time=2024-11-10 01:25:23.579236, Counts=0
2024-11-10 01:25:24,625 - INFO - Datos insertados: Device=ESP8266_1, Time=2024-11-10 01:25:24.611696, Counts=0
2024-11-10 01:25:25,603 - INFO - Datos insertados: Device=ESP8266_1, Time=2024-11-10 01:25:25.589403, Counts=0
2024-11-10 01:25:26,601 - INFO - Datos insertados: Device=ESP8266_1, Time=2024-11-10 01:25:26.584630, Counts=0
2024-11-10 01:25:27,613 - INFO - Datos insertados: Device=ESP8266_1, Time=2024-11-10 01:25:27.599591, Counts=0
2024-11-10 01:25:28,605 - INFO - Datos insertados: Device=ESP8266_1, Time=2024-11-10 01:25:28.591315, Counts=0
2024-11-10 01:25:29,649 - INFO - Datos insertados: Device=ESP8266_1, Time=2024-11-10 01:25:29.596546, Counts=0
2024-11-10 01:25:30,608 - INFO - Datos insertados: Device=ESP8266_1, Time=2024-11-10 01:25:30.594311, Counts=0
2024-11-10 01:25:31,625 - INFO - Datos insertados: Device=ESP8266_1, Time=2024-11-10 01:25:31.608652, Counts=0
2024-11-10 01:25:32,615 - INFO - Datos insertados: Device=ESP8266_1, Time=2024-11-10 01:25:32.601645, Counts=0
2024-11-10 01:25:33,629 - INFO - Datos insertados: Device=ESP8266_1, Time=2024-11-10 01:25:33.616073, Counts=0
2024-11-10 01:25:34,620 - INFO - Datos insertados: Device=ESP8266_1, Time=2024-11-10 01:25:34.603263, Counts=0
2024-11-10 01:25:35,627 - INFO - Datos insertados: Device=ESP8266_1, Time=2024-11-10 01:25:35.613549, Counts=0
2024-11-10 01:25:36,624 - INFO - Datos insertados: Device=ESP8266_1, Time=2024-11-10 01:25:36.610932, Counts=0
2024-11-10 01:25:37,628 - INFO - Datos insertados: Device=ESP8266_1, Time=2024-11-10 01:25:37.611630, Counts=0
2024-11-10 01:25:38,650 - INFO - Datos insertados: Device=ESP8266_1, Time=2024-11-10 01:25:38.626920, Counts=0
2024-11-10 01:25:39,629 - INFO - Datos insertados: Device=ESP8266_1, Time=2024-11-10 01:25:39.612734, Counts=0
2024-11-10 01:25:40,703 - INFO - Datos insertados: Device=ESP8266_1, Time=2024-11-10 01:25:40.688754, Counts=0
2024-11-10 01:25:41,638 - INFO - Datos insertados: Device=ESP8266_1, Time=2024-11-10 01:25:41.621601, Counts=0
2024-11-10 01:25:42,635 - INFO - Datos insertados: Device=ESP8266_1, Time=2024-11-10 01:25:42.620630, Counts=0
2024-11-10 01:25:43,641 - INFO - Datos insertados: Device=ESP8266_1, Time=2024-11-10 01:25:43.623012, Counts=0
2024-11-10 01:25:44,640 - INFO - Datos insertados: Device=ESP8266_1, Time=2024-11-10 01:25:44.626164, Counts=0
2024-11-10 01:25:45,647 - INFO - Datos insertados: Device=ESP8266_1, Time=2024-11-10 01:25:45.630155, Counts=0
2024-11-10 01:25:46,648 - INFO - Datos insertados: Device=ESP8266_1, Time=2024-11-10 01:25:46.632837, Counts=0
2024-11-10 01:25:47,644 - INFO - Datos insertados: Device=ESP8266_1, Time=2024-11-10 01:25:47.630745, Counts=0
2024-11-10 01:25:48,652 - INFO - Datos insertados: Device=ESP8266_1, Time=2024-11-10 01:25:48.634383, Counts=0
2024-11-10 01:25:49,678 - INFO - Datos insertados: Device=ESP8266_1, Time=2024-11-10 01:25:49.662064, Counts=0
2024-11-10 01:25:50,705 - INFO - Datos insertados: Device=ESP8266_1, Time=2024-11-10 01:25:50.688795, Counts=0
2024-11-10 01:25:51,654 - INFO - Datos insertados: Device=ESP8266_1, Time=2024-11-10 01:25:51.640571, Counts=0
2024-11-10 01:25:52,671 - INFO - Datos insertados: Device=ESP8266_1, Time=2024-11-10 01:25:52.655186, Counts=0
2024-11-10 01:25:53,661 - INFO - Datos insertados: Device=ESP8266_1, Time=2024-11-10 01:25:53.644657, Counts=0
2024-11-10 01:25:54,671 - INFO - Datos insertados: Device=ESP8266_1, Time=2024-11-10 01:25:54.654467, Counts=0
2024-11-10 01:25:55,679 - INFO - Datos insertados: Device=ESP8266_1, Time=2024-11-10 01:25:55.666131, Counts=0
2024-11-10 01:25:56,745 - INFO - Datos insertados: Device=ESP8266_1, Time=2024-11-10 01:25:56.729456, Counts=0
2024-11-10 01:25:57,700 - INFO - Datos insertados: Device=ESP8266_1, Time=2024-11-10 01:25:57.656292, Counts=0
2024-11-10 01:25:58,733 - INFO - Datos insertados: Device=ESP8266_1, Time=2024-11-10 01:25:58.668158, Counts=0
2024-11-10 01:25:59,680 - INFO - Datos insertados: Device=ESP8266_1, Time=2024-11-10 01:25:59.661204, Counts=0
2024-11-10 01:26:00,689 - INFO - Datos insertados: Device=ESP8266_1, Time=2024-11-10 01:26:00.671374, Counts=0
2024-11-10 01:26:01,687 - INFO - Datos insertados: Device=ESP8266_1, Time=2024-11-10 01:26:01.672751, Counts=0
2024-11-10 01:26:02,687 - INFO - Datos insertados: Device=ESP8266_1, Time=2024-11-10 01:26:02.673296, Counts=0
2024-11-10 01:26:03,696 - INFO - Datos insertados: Device=ESP8266_1, Time=2024-11-10 01:26:03.680238, Counts=0
2024-11-10 01:26:04,690 - INFO - Datos insertados: Device=ESP8266_1, Time=2024-11-10 01:26:04.673580, Counts=0
2024-11-10 01:26:05,686 - INFO - Datos insertados: Device=ESP8266_1, Time=2024-11-10 01:26:05.672005, Counts=0
2024-11-10 01:26:06,688 - INFO - Datos insertados: Device=ESP8266_1, Time=2024-11-10 01:26:06.673778, Counts=0
2024-11-10 01:26:07,698 - INFO - Datos insertados: Device=ESP8266_1, Time=2024-11-10 01:26:07.682842, Counts=0
2024-11-10 01:26:08,695 - INFO - Datos insertados: Device=ESP8266_1, Time=2024-11-10 01:26:08.681396, Counts=0
2024-11-10 01:26:09,701 - INFO - Datos insertados: Device=ESP8266_1, Time=2024-11-10 01:26:09.687495, Counts=0
2024-11-10 01:26:10,702 - INFO - Datos insertados: Device=ESP8266_1, Time=2024-11-10 01:26:10.685481, Counts=0
2024-11-10 01:26:11,726 - INFO - Datos insertados: Device=ESP8266_1, Time=2024-11-10 01:26:11.712124, Counts=0
2024-11-10 01:26:12,716 - INFO - Datos insertados: Device=ESP8266_1, Time=2024-11-10 01:26:12.700260, Counts=0
2024-11-10 01:26:13,713 - INFO - Datos insertados: Device=ESP8266_1, Time=2024-11-10 01:26:13.696809, Counts=0
2024-11-10 01:26:14,731 - INFO - Datos insertados: Device=ESP8266_1, Time=2024-11-10 01:26:14.717528, Counts=0
2024-11-10 01:26:15,717 - INFO - Datos insertados: Device=ESP8266_1, Time=2024-11-10 01:26:15.701357, Counts=0
2024-11-10 01:26:16,721 - INFO - Datos insertados: Device=ESP8266_1, Time=2024-11-10 01:26:16.704808, Counts=0
2024-11-10 01:26:17,723 - INFO - Datos insertados: Device=ESP8266_1, Time=2024-11-10 01:26:17.708820, Counts=0
2024-11-10 01:26:18,722 - INFO - Datos insertados: Device=ESP8266_1, Time=2024-11-10 01:26:18.707703, Counts=0
2024-11-10 01:26:19,761 - INFO - Datos insertados: Device=ESP8266_1, Time=2024-11-10 01:26:19.746029, Counts=0
2024-11-10 01:26:20,729 - INFO - Datos insertados: Device=ESP8266_1, Time=2024-11-10 01:26:20.715706, Counts=0
2024-11-10 01:26:21,730 - INFO - Datos insertados: Device=ESP8266_1, Time=2024-11-10 01:26:21.715928, Counts=0
2024-11-10 01:26:22,737 - INFO - Datos insertados: Device=ESP8266_1, Time=2024-11-10 01:26:22.721732, Counts=0
2024-11-10 01:26:23,735 - INFO - Datos insertados: Device=ESP8266_1, Time=2024-11-10 01:26:23.720096, Counts=0
2024-11-10 01:26:24,738 - INFO - Datos insertados: Device=ESP8266_1, Time=2024-11-10 01:26:24.722872, Counts=0
2024-11-10 01:26:25,742 - INFO - Datos insertados: Device=ESP8266_1, Time=2024-11-10 01:26:25.729420, Counts=0
2024-11-10 01:26:26,741 - INFO - Datos insertados: Device=ESP8266_1, Time=2024-11-10 01:26:26.727010, Counts=0
2024-11-10 01:26:27,747 - INFO - Datos insertados: Device=ESP8266_1, Time=2024-11-10 01:26:27.730093, Counts=0
2024-11-10 01:26:28,801 - INFO - Datos insertados: Device=ESP8266_1, Time=2024-11-10 01:26:28.787037, Counts=0
2024-11-10 01:26:29,757 - INFO - Datos insertados: Device=ESP8266_1, Time=2024-11-10 01:26:29.740915, Counts=0
2024-11-10 01:26:30,755 - INFO - Datos insertados: Device=ESP8266_1, Time=2024-11-10 01:26:30.741011, Counts=0
2024-11-10 01:26:31,756 - INFO - Datos insertados: Device=ESP8266_1, Time=2024-11-10 01:26:31.739327, Counts=0
2024-11-10 01:26:32,758 - INFO - Datos insertados: Device=ESP8266_1, Time=2024-11-10 01:26:32.743285, Counts=0
2024-11-10 01:26:33,759 - INFO - Datos insertados: Device=ESP8266_1, Time=2024-11-10 01:26:33.746240, Counts=0
2024-11-10 01:26:34,765 - INFO - Datos insertados: Device=ESP8266_1, Time=2024-11-10 01:26:34.749460, Counts=0
2024-11-10 01:26:35,767 - INFO - Datos insertados: Device=ESP8266_1, Time=2024-11-10 01:26:35.749079, Counts=0
2024-11-10 01:26:36,773 - INFO - Datos insertados: Device=ESP8266_1, Time=2024-11-10 01:26:36.757718, Counts=0
2024-11-10 01:26:37,779 - INFO - Datos insertados: Device=ESP8266_1, Time=2024-11-10 01:26:37.762973, Counts=0
2024-11-10 01:26:38,771 - INFO - Datos insertados: Device=ESP8266_1, Time=2024-11-10 01:26:38.756779, Counts=0
2024-11-10 01:26:39,771 - INFO - Datos insertados: Device=ESP8266_1, Time=2024-11-10 01:26:39.757580, Counts=0
2024-11-10 01:26:40,775 - INFO - Datos insertados: Device=ESP8266_1, Time=2024-11-10 01:26:40.759554, Counts=0
2024-11-10 01:26:41,785 - INFO - Datos insertados: Device=ESP8266_1, Time=2024-11-10 01:26:41.768981, Counts=0
2024-11-10 01:26:42,776 - INFO - Datos insertados: Device=ESP8266_1, Time=2024-11-10 01:26:42.762364, Counts=0
2024-11-10 01:26:43,782 - INFO - Datos insertados: Device=ESP8266_1, Time=2024-11-10 01:26:43.768239, Counts=0
2024-11-10 01:26:44,819 - INFO - Datos insertados: Device=ESP8266_1, Time=2024-11-10 01:26:44.802104, Counts=0
2024-11-10 01:26:45,800 - INFO - Datos insertados: Device=ESP8266_1, Time=2024-11-10 01:26:45.783789, Counts=0
2024-11-10 01:26:46,802 - INFO - Datos insertados: Device=ESP8266_1, Time=2024-11-10 01:26:46.786450, Counts=0
2024-11-10 01:26:47,798 - INFO - Datos insertados: Device=ESP8266_1, Time=2024-11-10 01:26:47.784311, Counts=0
2024-11-10 01:26:48,795 - INFO - Datos insertados: Device=ESP8266_1, Time=2024-11-10 01:26:48.781692, Counts=0
2024-11-10 01:26:49,807 - INFO - Datos insertados: Device=ESP8266_1, Time=2024-11-10 01:26:49.791281, Counts=0
2024-11-10 01:26:50,807 - INFO - Datos insertados: Device=ESP8266_1, Time=2024-11-10 01:26:50.790621, Counts=0
2024-11-10 01:26:51,805 - INFO - Datos insertados: Device=ESP8266_1, Time=2024-11-10 01:26:51.791721, Counts=0
2024-11-10 01:26:52,809 - INFO - Datos insertados: Device=ESP8266_1, Time=2024-11-10 01:26:52.796185, Counts=0
2024-11-10 01:26:53,813 - INFO - Datos insertados: Device=ESP8266_1, Time=2024-11-10 01:26:53.797101, Counts=0
2024-11-10 01:26:54,810 - INFO - Datos insertados: Device=ESP8266_1, Time=2024-11-10 01:26:54.796686, Counts=0
2024-11-10 01:26:55,813 - INFO - Datos insertados: Device=ESP8266_1, Time=2024-11-10 01:26:55.798833, Counts=0
2024-11-10 01:26:56,818 - INFO - Datos insertados: Device=ESP8266_1, Time=2024-11-10 01:26:56.802593, Counts=0
2024-11-10 01:26:57,821 - INFO - Datos insertados: Device=ESP8266_1, Time=2024-11-10 01:26:57.806158, Counts=0
2024-11-10 01:26:58,820 - INFO - Datos insertados: Device=ESP8266_1, Time=2024-11-10 01:26:58.805981, Counts=0
2024-11-10 01:26:59,821 - INFO - Datos insertados: Device=ESP8266_1, Time=2024-11-10 01:26:59.807212, Counts=0
2024-11-10 01:27:00,845 - INFO - Datos insertados: Device=ESP8266_1, Time=2024-11-10 01:27:00.828958, Counts=0
2024-11-10 01:27:01,839 - INFO - Datos insertados: Device=ESP8266_1, Time=2024-11-10 01:27:01.826061, Counts=0
2024-11-10 01:27:02,832 - INFO - Datos insertados: Device=ESP8266_1, Time=2024-11-10 01:27:02.818328, Counts=0
2024-11-10 01:27:03,836 - INFO - Datos insertados: Device=ESP8266_1, Time=2024-11-10 01:27:03.820542, Counts=0
2024-11-10 01:27:04,919 - INFO - Datos insertados: Device=ESP8266_1, Time=2024-11-10 01:27:04.902969, Counts=0
2024-11-10 01:27:05,842 - INFO - Datos insertados: Device=ESP8266_1, Time=2024-11-10 01:27:05.825741, Counts=0
2024-11-10 01:27:06,839 - INFO - Datos insertados: Device=ESP8266_1, Time=2024-11-10 01:27:06.825864, Counts=0
2024-11-10 01:27:07,848 - INFO - Datos insertados: Device=ESP8266_1, Time=2024-11-10 01:27:07.834156, Counts=0
2024-11-10 01:27:08,867 - INFO - Datos insertados: Device=ESP8266_1, Time=2024-11-10 01:27:08.851490, Counts=0
2024-11-10 01:27:09,878 - INFO - Datos insertados: Device=ESP8266_1, Time=2024-11-10 01:27:09.862015, Counts=0
2024-11-10 01:27:10,865 - INFO - Datos insertados: Device=ESP8266_1, Time=2024-11-10 01:27:10.847308, Counts=0
2024-11-10 01:27:11,854 - INFO - Datos insertados: Device=ESP8266_1, Time=2024-11-10 01:27:11.840413, Counts=0
2024-11-10 01:27:12,886 - INFO - Datos insertados: Device=ESP8266_1, Time=2024-11-10 01:27:12.869564, Counts=0
2024-11-10 01:27:13,870 - INFO - Datos insertados: Device=ESP8266_1, Time=2024-11-10 01:27:13.856894, Counts=0
2024-11-10 01:27:14,864 - INFO - Datos insertados: Device=ESP8266_1, Time=2024-11-10 01:27:14.850033, Counts=0
2024-11-10 01:27:15,888 - INFO - Datos insertados: Device=ESP8266_1, Time=2024-11-10 01:27:15.871821, Counts=0
2024-11-10 01:27:17,123 - INFO - Datos insertados: Device=ESP8266_1, Time=2024-11-10 01:27:17.109201, Counts=0
2024-11-10 01:27:17,902 - INFO - Datos insertados: Device=ESP8266_1, Time=2024-11-10 01:27:17.858218, Counts=0
2024-11-10 01:27:18,874 - INFO - Datos insertados: Device=ESP8266_1, Time=2024-11-10 01:27:18.859885, Counts=0
2024-11-10 01:27:19,883 - INFO - Datos insertados: Device=ESP8266_1, Time=2024-11-10 01:27:19.866319, Counts=0
2024-11-10 01:27:20,897 - INFO - Datos insertados: Device=ESP8266_1, Time=2024-11-10 01:27:20.883956, Counts=0
2024-11-10 01:27:21,884 - INFO - Datos insertados: Device=ESP8266_1, Time=2024-11-10 01:27:21.868659, Counts=0
2024-11-10 01:27:22,929 - INFO - Datos insertados: Device=ESP8266_1, Time=2024-11-10 01:27:22.912863, Counts=0
2024-11-10 01:27:23,887 - INFO - Datos insertados: Device=ESP8266_1, Time=2024-11-10 01:27:23.873184, Counts=0
2024-11-10 01:27:24,911 - INFO - Datos insertados: Device=ESP8266_1, Time=2024-11-10 01:27:24.897691, Counts=0
2024-11-10 01:27:25,904 - INFO - Datos insertados: Device=ESP8266_1, Time=2024-11-10 01:27:25.888796, Counts=0
2024-11-10 01:27:26,916 - INFO - Datos insertados: Device=ESP8266_1, Time=2024-11-10 01:27:26.899411, Counts=0
2024-11-10 01:27:27,907 - INFO - Datos insertados: Device=ESP8266_1, Time=2024-11-10 01:27:27.893305, Counts=0
2024-11-10 01:27:28,907 - INFO - Datos insertados: Device=ESP8266_1, Time=2024-11-10 01:27:28.892527, Counts=0
2024-11-10 01:27:29,911 - INFO - Datos insertados: Device=ESP8266_1, Time=2024-11-10 01:27:29.891005, Counts=0
2024-11-10 01:27:30,901 - INFO - Datos insertados: Device=ESP8266_1, Time=2024-11-10 01:27:30.887365, Counts=0
2024-11-10 01:27:33,285 - INFO - Datos insertados: Device=ESP8266_1, Time=2024-11-10 01:27:33.270255, Counts=0
2024-11-10 01:27:33,338 - INFO - Datos insertados: Device=ESP8266_1, Time=2024-11-10 01:27:33.323498, Counts=0
2024-11-10 01:27:33,910 - INFO - Datos insertados: Device=ESP8266_1, Time=2024-11-10 01:27:33.896222, Counts=0
2024-11-10 01:27:34,916 - INFO - Datos insertados: Device=ESP8266_1, Time=2024-11-10 01:27:34.902346, Counts=0
2024-11-10 01:27:35,922 - INFO - Datos insertados: Device=ESP8266_1, Time=2024-11-10 01:27:35.904538, Counts=0
2024-11-10 01:27:36,915 - INFO - Datos insertados: Device=ESP8266_1, Time=2024-11-10 01:27:36.900695, Counts=0
2024-11-10 01:27:37,928 - INFO - Datos insertados: Device=ESP8266_1, Time=2024-11-10 01:27:37.912163, Counts=0
2024-11-10 01:27:38,921 - INFO - Datos insertados: Device=ESP8266_1, Time=2024-11-10 01:27:38.905953, Counts=0
2024-11-10 01:27:39,922 - INFO - Datos insertados: Device=ESP8266_1, Time=2024-11-10 01:27:39.908381, Counts=0
2024-11-10 01:27:40,932 - INFO - Datos insertados: Device=ESP8266_1, Time=2024-11-10 01:27:40.917822, Counts=0
2024-11-10 01:27:41,930 - INFO - Datos insertados: Device=ESP8266_1, Time=2024-11-10 01:27:41.913577, Counts=0
2024-11-10 01:27:42,929 - INFO - Datos insertados: Device=ESP8266_1, Time=2024-11-10 01:27:42.916243, Counts=0
2024-11-10 01:27:43,937 - INFO - Datos insertados: Device=ESP8266_1, Time=2024-11-10 01:27:43.923632, Counts=0
2024-11-10 01:27:44,934 - INFO - Datos insertados: Device=ESP8266_1, Time=2024-11-10 01:27:44.918413, Counts=0
2024-11-10 01:27:47,109 - INFO - Datos insertados: Device=ESP8266_1, Time=2024-11-10 01:27:47.086192, Counts=0
2024-11-10 01:27:47,159 - INFO - Datos insertados: Device=ESP8266_1, Time=2024-11-10 01:27:47.147070, Counts=0
2024-11-10 01:27:47,951 - INFO - Datos insertados: Device=ESP8266_1, Time=2024-11-10 01:27:47.937038, Counts=0
2024-11-10 01:27:48,961 - INFO - Datos insertados: Device=ESP8266_1, Time=2024-11-10 01:27:48.946020, Counts=0
2024-11-10 01:27:49,964 - INFO - Datos insertados: Device=ESP8266_1, Time=2024-11-10 01:27:49.947910, Counts=0
2024-11-10 01:27:50,955 - INFO - Datos insertados: Device=ESP8266_1, Time=2024-11-10 01:27:50.941983, Counts=0
2024-11-10 01:27:51,958 - INFO - Datos insertados: Device=ESP8266_1, Time=2024-11-10 01:27:51.942447, Counts=0
2024-11-10 01:27:52,959 - INFO - Datos insertados: Device=ESP8266_1, Time=2024-11-10 01:27:52.942744, Counts=0
2024-11-10 01:27:53,968 - INFO - Datos insertados: Device=ESP8266_1, Time=2024-11-10 01:27:53.954284, Counts=0
2024-11-10 01:27:54,962 - INFO - Datos insertados: Device=ESP8266_1, Time=2024-11-10 01:27:54.946975, Counts=0
2024-11-10 01:27:55,968 - INFO - Datos insertados: Device=ESP8266_1, Time=2024-11-10 01:27:55.954328, Counts=0
2024-11-10 01:27:56,970 - INFO - Datos insertados: Device=ESP8266_1, Time=2024-11-10 01:27:56.952043, Counts=0
2024-11-10 01:27:57,980 - INFO - Datos insertados: Device=ESP8266_1, Time=2024-11-10 01:27:57.959890, Counts=0
2024-11-10 01:27:58,984 - INFO - Datos insertados: Device=ESP8266_1, Time=2024-11-10 01:27:58.971320, Counts=0
2024-11-10 01:27:59,972 - INFO - Datos insertados: Device=ESP8266_1, Time=2024-11-10 01:27:59.956258, Counts=0
2024-11-10 01:28:00,980 - INFO - Datos insertados: Device=ESP8266_1, Time=2024-11-10 01:28:00.964789, Counts=0
2024-11-10 01:28:02,017 - INFO - Datos insertados: Device=ESP8266_1, Time=2024-11-10 01:28:02.002374, Counts=0
2024-11-10 01:28:02,986 - INFO - Datos insertados: Device=ESP8266_1, Time=2024-11-10 01:28:02.969898, Counts=0
2024-11-10 01:28:03,980 - INFO - Datos insertados: Device=ESP8266_1, Time=2024-11-10 01:28:03.965172, Counts=0
2024-11-10 01:28:05,030 - INFO - Datos insertados: Device=ESP8266_1, Time=2024-11-10 01:28:05.014212, Counts=0
2024-11-10 01:28:05,989 - INFO - Datos insertados: Device=ESP8266_1, Time=2024-11-10 01:28:05.974205, Counts=0
2024-11-10 01:28:06,995 - INFO - Datos insertados: Device=ESP8266_1, Time=2024-11-10 01:28:06.982175, Counts=0
2024-11-10 01:28:07,994 - INFO - Datos insertados: Device=ESP8266_1, Time=2024-11-10 01:28:07.980642, Counts=0
2024-11-10 01:28:08,996 - INFO - Datos insertados: Device=ESP8266_1, Time=2024-11-10 01:28:08.980457, Counts=0
2024-11-10 01:28:10,024 - INFO - Datos insertados: Device=ESP8266_1, Time=2024-11-10 01:28:10.008647, Counts=0
2024-11-10 01:28:11,015 - INFO - Datos insertados: Device=ESP8266_1, Time=2024-11-10 01:28:10.999011, Counts=0
2024-11-10 01:28:12,022 - INFO - Datos insertados: Device=ESP8266_1, Time=2024-11-10 01:28:12.008767, Counts=0
2024-11-10 01:28:13,008 - INFO - Datos insertados: Device=ESP8266_1, Time=2024-11-10 01:28:12.992409, Counts=0
2024-11-10 01:28:14,007 - INFO - Datos insertados: Device=ESP8266_1, Time=2024-11-10 01:28:13.991733, Counts=0
2024-11-10 01:28:15,010 - INFO - Datos insertados: Device=ESP8266_1, Time=2024-11-10 01:28:14.995391, Counts=0
2024-11-10 01:28:16,012 - INFO - Datos insertados: Device=ESP8266_1, Time=2024-11-10 01:28:15.998397, Counts=0
2024-11-10 01:28:17,019 - INFO - Datos insertados: Device=ESP8266_1, Time=2024-11-10 01:28:17.006359, Counts=0
2024-11-10 01:28:18,019 - INFO - Datos insertados: Device=ESP8266_1, Time=2024-11-10 01:28:18.002713, Counts=0
2024-11-10 01:28:19,028 - INFO - Datos insertados: Device=ESP8266_1, Time=2024-11-10 01:28:19.014054, Counts=0
2024-11-10 01:28:20,024 - INFO - Datos insertados: Device=ESP8266_1, Time=2024-11-10 01:28:20.010091, Counts=0
2024-11-10 01:28:21,039 - INFO - Datos insertados: Device=ESP8266_1, Time=2024-11-10 01:28:21.021662, Counts=0
2024-11-10 01:28:22,032 - INFO - Datos insertados: Device=ESP8266_1, Time=2024-11-10 01:28:22.016849, Counts=0
2024-11-10 01:28:23,034 - INFO - Datos insertados: Device=ESP8266_1, Time=2024-11-10 01:28:23.018438, Counts=0
2024-11-10 01:28:24,038 - INFO - Datos insertados: Device=ESP8266_1, Time=2024-11-10 01:28:24.024144, Counts=0
2024-11-10 01:28:25,034 - INFO - Datos insertados: Device=ESP8266_1, Time=2024-11-10 01:28:25.020313, Counts=0
2024-11-10 01:28:26,062 - INFO - Datos insertados: Device=ESP8266_1, Time=2024-11-10 01:28:26.046257, Counts=0
2024-11-10 01:28:27,046 - INFO - Datos insertados: Device=ESP8266_1, Time=2024-11-10 01:28:27.029023, Counts=0
2024-11-10 01:28:28,043 - INFO - Datos insertados: Device=ESP8266_1, Time=2024-11-10 01:28:28.029891, Counts=0
2024-11-10 01:28:29,045 - INFO - Datos insertados: Device=ESP8266_1, Time=2024-11-10 01:28:29.029673, Counts=0
2024-11-10 01:28:30,064 - INFO - Datos insertados: Device=ESP8266_1, Time=2024-11-10 01:28:30.048802, Counts=0
2024-11-10 01:28:31,053 - INFO - Datos insertados: Device=ESP8266_1, Time=2024-11-10 01:28:31.037247, Counts=0
2024-11-10 01:28:32,054 - INFO - Datos insertados: Device=ESP8266_1, Time=2024-11-10 01:28:32.038827, Counts=0
2024-11-10 01:28:33,056 - INFO - Datos insertados: Device=ESP8266_1, Time=2024-11-10 01:28:33.042499, Counts=0
2024-11-10 01:28:34,058 - INFO - Datos insertados: Device=ESP8266_1, Time=2024-11-10 01:28:34.041525, Counts=0
2024-11-10 01:28:35,058 - INFO - Datos insertados: Device=ESP8266_1, Time=2024-11-10 01:28:35.043997, Counts=0
2024-11-10 01:28:36,084 - INFO - Datos insertados: Device=ESP8266_1, Time=2024-11-10 01:28:36.068355, Counts=0
2024-11-10 01:28:37,127 - INFO - Datos insertados: Device=ESP8266_1, Time=2024-11-10 01:28:37.082801, Counts=0
2024-11-10 01:28:38,071 - INFO - Datos insertados: Device=ESP8266_1, Time=2024-11-10 01:28:38.056626, Counts=0
2024-11-10 01:28:39,073 - INFO - Datos insertados: Device=ESP8266_1, Time=2024-11-10 01:28:39.058067, Counts=0
2024-11-10 01:28:40,077 - INFO - Datos insertados: Device=ESP8266_1, Time=2024-11-10 01:28:40.061405, Counts=0
2024-11-10 01:28:41,152 - INFO - Datos insertados: Device=ESP8266_1, Time=2024-11-10 01:28:41.083906, Counts=0
2024-11-10 01:28:42,079 - INFO - Datos insertados: Device=ESP8266_1, Time=2024-11-10 01:28:42.063972, Counts=0
2024-11-10 01:28:43,086 - INFO - Datos insertados: Device=ESP8266_1, Time=2024-11-10 01:28:43.068914, Counts=0
2024-11-10 01:28:44,083 - INFO - Datos insertados: Device=ESP8266_1, Time=2024-11-10 01:28:44.069467, Counts=0
2024-11-10 01:28:45,101 - INFO - Datos insertados: Device=ESP8266_1, Time=2024-11-10 01:28:45.086055, Counts=0
2024-11-10 01:28:46,110 - INFO - Datos insertados: Device=ESP8266_1, Time=2024-11-10 01:28:46.093635, Counts=0
2024-11-10 01:28:47,104 - INFO - Datos insertados: Device=ESP8266_1, Time=2024-11-10 01:28:47.089934, Counts=0
2024-11-10 01:28:48,093 - INFO - Datos insertados: Device=ESP8266_1, Time=2024-11-10 01:28:48.077483, Counts=0
2024-11-10 01:28:49,115 - INFO - Datos insertados: Device=ESP8266_1, Time=2024-11-10 01:28:49.101877, Counts=0
2024-11-10 01:28:50,124 - INFO - Datos insertados: Device=ESP8266_1, Time=2024-11-10 01:28:50.109942, Counts=0
2024-11-10 01:28:51,114 - INFO - Datos insertados: Device=ESP8266_1, Time=2024-11-10 01:28:51.097406, Counts=0
2024-11-10 01:28:52,108 - INFO - Datos insertados: Device=ESP8266_1, Time=2024-11-10 01:28:52.089785, Counts=0
2024-11-10 01:28:53,115 - INFO - Datos insertados: Device=ESP8266_1, Time=2024-11-10 01:28:53.098318, Counts=0
2024-11-10 01:28:54,125 - INFO - Datos insertados: Device=ESP8266_1, Time=2024-11-10 01:28:54.109819, Counts=0
2024-11-10 01:28:55,116 - INFO - Datos insertados: Device=ESP8266_1, Time=2024-11-10 01:28:55.100797, Counts=0
2024-11-10 01:28:56,117 - INFO - Datos insertados: Device=ESP8266_1, Time=2024-11-10 01:28:56.101250, Counts=0
2024-11-10 01:28:57,117 - INFO - Datos insertados: Device=ESP8266_1, Time=2024-11-10 01:28:57.103928, Counts=0
2024-11-10 01:28:58,122 - INFO - Datos insertados: Device=ESP8266_1, Time=2024-11-10 01:28:58.106802, Counts=0
2024-11-10 01:28:59,126 - INFO - Datos insertados: Device=ESP8266_1, Time=2024-11-10 01:28:59.110366, Counts=0
2024-11-10 01:29:00,132 - INFO - Datos insertados: Device=ESP8266_1, Time=2024-11-10 01:29:00.116277, Counts=0
2024-11-10 01:29:01,127 - INFO - Datos insertados: Device=ESP8266_1, Time=2024-11-10 01:29:01.113950, Counts=0
2024-11-10 01:29:02,134 - INFO - Datos insertados: Device=ESP8266_1, Time=2024-11-10 01:29:02.117677, Counts=0
2024-11-10 01:29:03,129 - INFO - Datos insertados: Device=ESP8266_1, Time=2024-11-10 01:29:03.115541, Counts=0
2024-11-10 01:29:04,137 - INFO - Datos insertados: Device=ESP8266_1, Time=2024-11-10 01:29:04.122106, Counts=0
2024-11-10 01:29:05,142 - INFO - Datos insertados: Device=ESP8266_1, Time=2024-11-10 01:29:05.126313, Counts=0
2024-11-10 01:29:06,136 - INFO - Datos insertados: Device=ESP8266_1, Time=2024-11-10 01:29:06.121624, Counts=0
2024-11-10 01:29:07,140 - INFO - Datos insertados: Device=ESP8266_1, Time=2024-11-10 01:29:07.124815, Counts=0
2024-11-10 01:29:08,144 - INFO - Datos insertados: Device=ESP8266_1, Time=2024-11-10 01:29:08.128728, Counts=0
2024-11-10 01:29:09,161 - INFO - Datos insertados: Device=ESP8266_1, Time=2024-11-10 01:29:09.145976, Counts=0
2024-11-10 01:29:10,153 - INFO - Datos insertados: Device=ESP8266_1, Time=2024-11-10 01:29:10.139706, Counts=0
2024-11-10 01:29:11,158 - INFO - Datos insertados: Device=ESP8266_1, Time=2024-11-10 01:29:11.142492, Counts=0
2024-11-10 01:29:12,157 - INFO - Datos insertados: Device=ESP8266_1, Time=2024-11-10 01:29:12.143571, Counts=0
2024-11-10 01:29:13,163 - INFO - Datos insertados: Device=ESP8266_1, Time=2024-11-10 01:29:13.146600, Counts=0
2024-11-10 01:29:14,163 - INFO - Datos insertados: Device=ESP8266_1, Time=2024-11-10 01:29:14.146403, Counts=0
2024-11-10 01:29:15,164 - INFO - Datos insertados: Device=ESP8266_1, Time=2024-11-10 01:29:15.150899, Counts=0
2024-11-10 01:29:16,169 - INFO - Datos insertados: Device=ESP8266_1, Time=2024-11-10 01:29:16.153185, Counts=0
2024-11-10 01:29:17,339 - INFO - Datos insertados: Device=ESP8266_1, Time=2024-11-10 01:29:17.323313, Counts=0
2024-11-10 01:29:18,170 - INFO - Datos insertados: Device=ESP8266_1, Time=2024-11-10 01:29:18.156244, Counts=0
2024-11-10 01:29:19,189 - INFO - Datos insertados: Device=ESP8266_1, Time=2024-11-10 01:29:19.175622, Counts=0
2024-11-10 01:29:20,175 - INFO - Datos insertados: Device=ESP8266_1, Time=2024-11-10 01:29:20.159237, Counts=0
2024-11-10 01:29:21,181 - INFO - Datos insertados: Device=ESP8266_1, Time=2024-11-10 01:29:21.164484, Counts=0
2024-11-10 01:29:22,179 - INFO - Datos insertados: Device=ESP8266_1, Time=2024-11-10 01:29:22.165819, Counts=0
2024-11-10 01:29:23,184 - INFO - Datos insertados: Device=ESP8266_1, Time=2024-11-10 01:29:23.168466, Counts=0
2024-11-10 01:29:24,186 - INFO - Datos insertados: Device=ESP8266_1, Time=2024-11-10 01:29:24.170136, Counts=0
2024-11-10 01:29:25,189 - INFO - Datos insertados: Device=ESP8266_1, Time=2024-11-10 01:29:25.175917, Counts=0
2024-11-10 01:29:26,187 - INFO - Datos insertados: Device=ESP8266_1, Time=2024-11-10 01:29:26.171720, Counts=0
2024-11-10 01:29:27,195 - INFO - Datos insertados: Device=ESP8266_1, Time=2024-11-10 01:29:27.177541, Counts=0
2024-11-10 01:29:28,203 - INFO - Datos insertados: Device=ESP8266_1, Time=2024-11-10 01:29:28.187932, Counts=0
2024-11-10 01:29:29,195 - INFO - Datos insertados: Device=ESP8266_1, Time=2024-11-10 01:29:29.181939, Counts=0
2024-11-10 01:29:30,200 - INFO - Datos insertados: Device=ESP8266_1, Time=2024-11-10 01:29:30.185773, Counts=0
2024-11-10 01:29:31,214 - INFO - Datos insertados: Device=ESP8266_1, Time=2024-11-10 01:29:31.198786, Counts=0
2024-11-10 01:29:32,202 - INFO - Datos insertados: Device=ESP8266_1, Time=2024-11-10 01:29:32.188938, Counts=0
2024-11-10 01:29:33,207 - INFO - Datos insertados: Device=ESP8266_1, Time=2024-11-10 01:29:33.192526, Counts=0
2024-11-10 01:29:34,208 - INFO - Datos insertados: Device=ESP8266_1, Time=2024-11-10 01:29:34.192324, Counts=0
2024-11-10 01:29:35,218 - INFO - Datos insertados: Device=ESP8266_1, Time=2024-11-10 01:29:35.200034, Counts=0
2024-11-10 01:29:36,215 - INFO - Datos insertados: Device=ESP8266_1, Time=2024-11-10 01:29:36.200025, Counts=0
2024-11-10 01:29:37,215 - INFO - Datos insertados: Device=ESP8266_1, Time=2024-11-10 01:29:37.200406, Counts=0
2024-11-10 01:29:38,222 - INFO - Datos insertados: Device=ESP8266_1, Time=2024-11-10 01:29:38.204330, Counts=0
2024-11-10 01:29:39,232 - INFO - Datos insertados: Device=ESP8266_1, Time=2024-11-10 01:29:39.216341, Counts=0
2024-11-10 01:29:40,224 - INFO - Datos insertados: Device=ESP8266_1, Time=2024-11-10 01:29:40.209666, Counts=0
2024-11-10 01:29:41,263 - INFO - Datos insertados: Device=ESP8266_1, Time=2024-11-10 01:29:41.243864, Counts=0
2024-11-10 01:29:42,226 - INFO - Datos insertados: Device=ESP8266_1, Time=2024-11-10 01:29:42.212569, Counts=0
2024-11-10 01:29:43,254 - INFO - Datos insertados: Device=ESP8266_1, Time=2024-11-10 01:29:43.238567, Counts=0
2024-11-10 01:29:44,236 - INFO - Datos insertados: Device=ESP8266_1, Time=2024-11-10 01:29:44.220256, Counts=0
2024-11-10 01:29:45,236 - INFO - Datos insertados: Device=ESP8266_1, Time=2024-11-10 01:29:45.222347, Counts=0
2024-11-10 01:29:46,256 - INFO - Datos insertados: Device=ESP8266_1, Time=2024-11-10 01:29:46.242892, Counts=0
2024-11-10 01:29:47,246 - INFO - Datos insertados: Device=ESP8266_1, Time=2024-11-10 01:29:47.230352, Counts=0
2024-11-10 01:29:48,299 - INFO - Datos insertados: Device=ESP8266_1, Time=2024-11-10 01:29:48.283594, Counts=0
2024-11-10 01:29:49,246 - INFO - Datos insertados: Device=ESP8266_1, Time=2024-11-10 01:29:49.231920, Counts=0
2024-11-10 01:29:50,270 - INFO - Datos insertados: Device=ESP8266_1, Time=2024-11-10 01:29:50.256519, Counts=0
2024-11-10 01:29:51,252 - INFO - Datos insertados: Device=ESP8266_1, Time=2024-11-10 01:29:51.236222, Counts=0
2024-11-10 01:29:52,263 - INFO - Datos insertados: Device=ESP8266_1, Time=2024-11-10 01:29:52.246299, Counts=0
2024-11-10 01:29:53,256 - INFO - Datos insertados: Device=ESP8266_1, Time=2024-11-10 01:29:53.242212, Counts=0
2024-11-10 01:29:54,265 - INFO - Datos insertados: Device=ESP8266_1, Time=2024-11-10 01:29:54.249527, Counts=0
2024-11-10 01:29:55,270 - INFO - Datos insertados: Device=ESP8266_1, Time=2024-11-10 01:29:55.254783, Counts=0
2024-11-10 01:29:56,261 - INFO - Datos insertados: Device=ESP8266_1, Time=2024-11-10 01:29:56.247794, Counts=0
2024-11-10 01:29:57,319 - INFO - Datos insertados: Device=ESP8266_1, Time=2024-11-10 01:29:57.305805, Counts=0
2024-11-10 01:29:58,306 - INFO - Datos insertados: Device=ESP8266_1, Time=2024-11-10 01:29:58.289861, Counts=0
2024-11-10 01:29:59,281 - INFO - Datos insertados: Device=ESP8266_1, Time=2024-11-10 01:29:59.266032, Counts=0
2024-11-10 01:30:00,294 - INFO - Datos insertados: Device=ESP8266_1, Time=2024-11-10 01:30:00.279776, Counts=0
2024-11-10 01:30:01,278 - INFO - Datos insertados: Device=ESP8266_1, Time=2024-11-10 01:30:01.262957, Counts=0
2024-11-10 01:30:02,289 - INFO - Datos insertados: Device=ESP8266_1, Time=2024-11-10 01:30:02.271474, Counts=0
2024-11-10 01:30:03,287 - INFO - Datos insertados: Device=ESP8266_1, Time=2024-11-10 01:30:03.271624, Counts=0
2024-11-10 01:30:04,284 - INFO - Datos insertados: Device=ESP8266_1, Time=2024-11-10 01:30:04.269894, Counts=0
2024-11-10 01:30:05,305 - INFO - Datos insertados: Device=ESP8266_1, Time=2024-11-10 01:30:05.291653, Counts=0
2024-11-10 01:30:06,296 - INFO - Datos insertados: Device=ESP8266_1, Time=2024-11-10 01:30:06.280584, Counts=0
2024-11-10 01:30:07,297 - INFO - Datos insertados: Device=ESP8266_1, Time=2024-11-10 01:30:07.281298, Counts=0
2024-11-10 01:30:08,296 - INFO - Datos insertados: Device=ESP8266_1, Time=2024-11-10 01:30:08.281631, Counts=0
2024-11-10 01:30:09,302 - INFO - Datos insertados: Device=ESP8266_1, Time=2024-11-10 01:30:09.286849, Counts=0
2024-11-10 01:30:10,310 - INFO - Datos insertados: Device=ESP8266_1, Time=2024-11-10 01:30:10.294596, Counts=0
2024-11-10 01:30:11,304 - INFO - Datos insertados: Device=ESP8266_1, Time=2024-11-10 01:30:11.290692, Counts=0
2024-11-10 01:30:12,308 - INFO - Datos insertados: Device=ESP8266_1, Time=2024-11-10 01:30:12.292445, Counts=0
2024-11-10 01:30:13,315 - INFO - Datos insertados: Device=ESP8266_1, Time=2024-11-10 01:30:13.301312, Counts=0
2024-11-10 01:30:14,315 - INFO - Datos insertados: Device=ESP8266_1, Time=2024-11-10 01:30:14.299576, Counts=0
2024-11-10 01:30:15,315 - INFO - Datos insertados: Device=ESP8266_1, Time=2024-11-10 01:30:15.299908, Counts=0
2024-11-10 01:30:16,317 - INFO - Datos insertados: Device=ESP8266_1, Time=2024-11-10 01:30:16.302848, Counts=0
2024-11-10 01:30:17,321 - INFO - Datos insertados: Device=ESP8266_1, Time=2024-11-10 01:30:17.303778, Counts=0
2024-11-10 01:30:18,324 - INFO - Datos insertados: Device=ESP8266_1, Time=2024-11-10 01:30:18.310466, Counts=0
2024-11-10 01:30:19,336 - INFO - Datos insertados: Device=ESP8266_1, Time=2024-11-10 01:30:19.320289, Counts=0
2024-11-10 01:30:20,353 - INFO - Datos insertados: Device=ESP8266_1, Time=2024-11-10 01:30:20.336112, Counts=0
2024-11-10 01:30:21,334 - INFO - Datos insertados: Device=ESP8266_1, Time=2024-11-10 01:30:21.321011, Counts=0
2024-11-10 01:30:22,331 - INFO - Datos insertados: Device=ESP8266_1, Time=2024-11-10 01:30:22.314967, Counts=0
2024-11-10 01:30:23,348 - INFO - Datos insertados: Device=ESP8266_1, Time=2024-11-10 01:30:23.334890, Counts=0
2024-11-10 01:30:24,345 - INFO - Datos insertados: Device=ESP8266_1, Time=2024-11-10 01:30:24.330112, Counts=0
2024-11-10 01:30:25,339 - INFO - Datos insertados: Device=ESP8266_1, Time=2024-11-10 01:30:25.322528, Counts=0
2024-11-10 01:30:26,353 - INFO - Datos insertados: Device=ESP8266_1, Time=2024-11-10 01:30:26.339071, Counts=0
2024-11-10 01:30:27,367 - INFO - Datos insertados: Device=ESP8266_1, Time=2024-11-10 01:30:27.351084, Counts=0
2024-11-10 01:30:28,344 - INFO - Datos insertados: Device=ESP8266_1, Time=2024-11-10 01:30:28.329387, Counts=0
2024-11-10 01:30:29,384 - INFO - Datos insertados: Device=ESP8266_1, Time=2024-11-10 01:30:29.362573, Counts=0
2024-11-10 01:30:30,355 - INFO - Datos insertados: Device=ESP8266_1, Time=2024-11-10 01:30:30.341521, Counts=0
2024-11-10 01:30:31,358 - INFO - Datos insertados: Device=ESP8266_1, Time=2024-11-10 01:30:31.341966, Counts=0
2024-11-10 01:30:32,358 - INFO - Datos insertados: Device=ESP8266_1, Time=2024-11-10 01:30:32.342278, Counts=0
2024-11-10 01:30:33,361 - INFO - Datos insertados: Device=ESP8266_1, Time=2024-11-10 01:30:33.343169, Counts=0
2024-11-10 01:30:34,406 - INFO - Datos insertados: Device=ESP8266_1, Time=2024-11-10 01:30:34.392479, Counts=0
2024-11-10 01:30:35,366 - INFO - Datos insertados: Device=ESP8266_1, Time=2024-11-10 01:30:35.350273, Counts=0
2024-11-10 01:30:36,369 - INFO - Datos insertados: Device=ESP8266_1, Time=2024-11-10 01:30:36.352903, Counts=0
2024-11-10 01:30:37,372 - INFO - Datos insertados: Device=ESP8266_1, Time=2024-11-10 01:30:37.353505, Counts=0
2024-11-10 01:30:38,373 - INFO - Datos insertados: Device=ESP8266_1, Time=2024-11-10 01:30:38.357318, Counts=0
2024-11-10 01:30:39,373 - INFO - Datos insertados: Device=ESP8266_1, Time=2024-11-10 01:30:39.358222, Counts=0
2024-11-10 01:30:40,391 - INFO - Datos insertados: Device=ESP8266_1, Time=2024-11-10 01:30:40.374887, Counts=0
2024-11-10 01:30:41,383 - INFO - Datos insertados: Device=ESP8266_1, Time=2024-11-10 01:30:41.366868, Counts=0
2024-11-10 01:30:42,383 - INFO - Datos insertados: Device=ESP8266_1, Time=2024-11-10 01:30:42.367436, Counts=0
2024-11-10 01:30:43,389 - INFO - Datos insertados: Device=ESP8266_1, Time=2024-11-10 01:30:43.373510, Counts=0
2024-11-10 01:30:44,388 - INFO - Datos insertados: Device=ESP8266_1, Time=2024-11-10 01:30:44.374226, Counts=0
2024-11-10 01:30:45,421 - INFO - Datos insertados: Device=ESP8266_1, Time=2024-11-10 01:30:45.407990, Counts=0
2024-11-10 01:30:46,397 - INFO - Datos insertados: Device=ESP8266_1, Time=2024-11-10 01:30:46.381852, Counts=0
2024-11-10 01:30:47,400 - INFO - Datos insertados: Device=ESP8266_1, Time=2024-11-10 01:30:47.386330, Counts=0
2024-11-10 01:30:48,409 - INFO - Datos insertados: Device=ESP8266_1, Time=2024-11-10 01:30:48.392187, Counts=0
2024-11-10 01:30:49,408 - INFO - Datos insertados: Device=ESP8266_1, Time=2024-11-10 01:30:49.394795, Counts=0
2024-11-10 01:30:50,404 - INFO - Datos insertados: Device=ESP8266_1, Time=2024-11-10 01:30:50.390656, Counts=0
2024-11-10 01:30:51,417 - INFO - Datos insertados: Device=ESP8266_1, Time=2024-11-10 01:30:51.401434, Counts=0
2024-11-10 01:30:52,419 - INFO - Datos insertados: Device=ESP8266_1, Time=2024-11-10 01:30:52.400832, Counts=0
2024-11-10 01:30:53,427 - INFO - Datos insertados: Device=ESP8266_1, Time=2024-11-10 01:30:53.400634, Counts=0
2024-11-10 01:30:54,422 - INFO - Datos insertados: Device=ESP8266_1, Time=2024-11-10 01:30:54.408218, Counts=0
2024-11-10 01:30:55,419 - INFO - Datos insertados: Device=ESP8266_1, Time=2024-11-10 01:30:55.402544, Counts=0
2024-11-10 01:30:56,429 - INFO - Datos insertados: Device=ESP8266_1, Time=2024-11-10 01:30:56.415843, Counts=0
2024-11-10 01:30:57,417 - INFO - Datos insertados: Device=ESP8266_1, Time=2024-11-10 01:30:57.403462, Counts=0
2024-11-10 01:30:58,421 - INFO - Datos insertados: Device=ESP8266_1, Time=2024-11-10 01:30:58.405807, Counts=0
2024-11-10 01:30:59,429 - INFO - Datos insertados: Device=ESP8266_1, Time=2024-11-10 01:30:59.413589, Counts=0
2024-11-10 01:31:00,426 - INFO - Datos insertados: Device=ESP8266_1, Time=2024-11-10 01:31:00.411025, Counts=0
2024-11-10 01:31:01,479 - INFO - Datos insertados: Device=ESP8266_1, Time=2024-11-10 01:31:01.463633, Counts=0
2024-11-10 01:31:02,440 - INFO - Datos insertados: Device=ESP8266_1, Time=2024-11-10 01:31:02.424783, Counts=0
2024-11-10 01:31:03,433 - INFO - Datos insertados: Device=ESP8266_1, Time=2024-11-10 01:31:03.419888, Counts=0
2024-11-10 01:31:04,448 - INFO - Datos insertados: Device=ESP8266_1, Time=2024-11-10 01:31:04.432831, Counts=0
2024-11-10 01:31:05,449 - INFO - Datos insertados: Device=ESP8266_1, Time=2024-11-10 01:31:05.433932, Counts=0
2024-11-10 01:31:06,470 - INFO - Datos insertados: Device=ESP8266_1, Time=2024-11-10 01:31:06.456293, Counts=0
2024-11-10 01:31:07,449 - INFO - Datos insertados: Device=ESP8266_1, Time=2024-11-10 01:31:07.435100, Counts=0
2024-11-10 01:31:08,450 - INFO - Datos insertados: Device=ESP8266_1, Time=2024-11-10 01:31:08.433770, Counts=0
2024-11-10 01:31:09,469 - INFO - Datos insertados: Device=ESP8266_1, Time=2024-11-10 01:31:09.453545, Counts=0
2024-11-10 01:31:10,454 - INFO - Datos insertados: Device=ESP8266_1, Time=2024-11-10 01:31:10.438367, Counts=0
2024-11-10 01:31:11,481 - INFO - Datos insertados: Device=ESP8266_1, Time=2024-11-10 01:31:11.464839, Counts=0
2024-11-10 01:31:12,473 - INFO - Datos insertados: Device=ESP8266_1, Time=2024-11-10 01:31:12.454340, Counts=0
2024-11-10 01:31:13,461 - INFO - Datos insertados: Device=ESP8266_1, Time=2024-11-10 01:31:13.444422, Counts=0
2024-11-10 01:31:14,468 - INFO - Datos insertados: Device=ESP8266_1, Time=2024-11-10 01:31:14.452122, Counts=0
2024-11-10 01:31:15,481 - INFO - Datos insertados: Device=ESP8266_1, Time=2024-11-10 01:31:15.466185, Counts=0
2024-11-10 01:31:16,464 - INFO - Datos insertados: Device=ESP8266_1, Time=2024-11-10 01:31:16.451204, Counts=0
2024-11-10 01:31:17,502 - INFO - Datos insertados: Device=ESP8266_1, Time=2024-11-10 01:31:17.488304, Counts=0
2024-11-10 01:31:18,476 - INFO - Datos insertados: Device=ESP8266_1, Time=2024-11-10 01:31:18.461138, Counts=0
2024-11-10 01:31:19,476 - INFO - Datos insertados: Device=ESP8266_1, Time=2024-11-10 01:31:19.460407, Counts=0
2024-11-10 01:31:20,477 - INFO - Datos insertados: Device=ESP8266_1, Time=2024-11-10 01:31:20.463951, Counts=0
2024-11-10 01:31:21,481 - INFO - Datos insertados: Device=ESP8266_1, Time=2024-11-10 01:31:21.467727, Counts=0
2024-11-10 01:31:22,500 - INFO - Datos insertados: Device=ESP8266_1, Time=2024-11-10 01:31:22.486642, Counts=0
2024-11-10 01:31:23,491 - INFO - Datos insertados: Device=ESP8266_1, Time=2024-11-10 01:31:23.477836, Counts=0
2024-11-10 01:31:24,491 - INFO - Datos insertados: Device=ESP8266_1, Time=2024-11-10 01:31:24.475139, Counts=0
2024-11-10 01:31:25,490 - INFO - Datos insertados: Device=ESP8266_1, Time=2024-11-10 01:31:25.474161, Counts=0
2024-11-10 01:31:26,496 - INFO - Datos insertados: Device=ESP8266_1, Time=2024-11-10 01:31:26.481478, Counts=0
2024-11-10 01:31:27,496 - INFO - Datos insertados: Device=ESP8266_1, Time=2024-11-10 01:31:27.479803, Counts=0
2024-11-10 01:31:28,526 - INFO - Datos insertados: Device=ESP8266_1, Time=2024-11-10 01:31:28.510370, Counts=0
2024-11-10 01:31:29,501 - INFO - Datos insertados: Device=ESP8266_1, Time=2024-11-10 01:31:29.484947, Counts=0
2024-11-10 01:31:30,505 - INFO - Datos insertados: Device=ESP8266_1, Time=2024-11-10 01:31:30.491710, Counts=0
2024-11-10 01:31:31,504 - INFO - Datos insertados: Device=ESP8266_1, Time=2024-11-10 01:31:31.487933, Counts=0
2024-11-10 01:31:32,510 - INFO - Datos insertados: Device=ESP8266_1, Time=2024-11-10 01:31:32.493846, Counts=0
2024-11-10 01:31:33,522 - INFO - Datos insertados: Device=ESP8266_1, Time=2024-11-10 01:31:33.505928, Counts=0
2024-11-10 01:31:34,511 - INFO - Datos insertados: Device=ESP8266_1, Time=2024-11-10 01:31:34.498138, Counts=0
2024-11-10 01:31:35,518 - INFO - Datos insertados: Device=ESP8266_1, Time=2024-11-10 01:31:35.501732, Counts=0
2024-11-10 01:31:36,557 - INFO - Datos insertados: Device=ESP8266_1, Time=2024-11-10 01:31:36.510821, Counts=0
2024-11-10 01:31:37,520 - INFO - Datos insertados: Device=ESP8266_1, Time=2024-11-10 01:31:37.506455, Counts=0
2024-11-10 01:31:38,527 - INFO - Datos insertados: Device=ESP8266_1, Time=2024-11-10 01:31:38.512094, Counts=0
2024-11-10 01:31:39,530 - INFO - Datos insertados: Device=ESP8266_1, Time=2024-11-10 01:31:39.514144, Counts=0
2024-11-10 01:31:40,530 - INFO - Datos insertados: Device=ESP8266_1, Time=2024-11-10 01:31:40.514557, Counts=0
2024-11-10 01:31:41,529 - INFO - Datos insertados: Device=ESP8266_1, Time=2024-11-10 01:31:41.515472, Counts=0
2024-11-10 01:31:42,543 - INFO - Datos insertados: Device=ESP8266_1, Time=2024-11-10 01:31:42.524694, Counts=0
2024-11-10 01:31:43,538 - INFO - Datos insertados: Device=ESP8266_1, Time=2024-11-10 01:31:43.522290, Counts=0
2024-11-10 01:31:44,541 - INFO - Datos insertados: Device=ESP8266_1, Time=2024-11-10 01:31:44.524792, Counts=0
2024-11-10 01:31:45,548 - INFO - Datos insertados: Device=ESP8266_1, Time=2024-11-10 01:31:45.534285, Counts=0
2024-11-10 01:31:46,551 - INFO - Datos insertados: Device=ESP8266_1, Time=2024-11-10 01:31:46.532767, Counts=0
2024-11-10 01:31:47,550 - INFO - Datos insertados: Device=ESP8266_1, Time=2024-11-10 01:31:47.536067, Counts=0
2024-11-10 01:31:48,557 - INFO - Datos insertados: Device=ESP8266_1, Time=2024-11-10 01:31:48.541181, Counts=0
2024-11-10 01:31:49,584 - INFO - Datos insertados: Device=ESP8266_1, Time=2024-11-10 01:31:49.568223, Counts=0
2024-11-10 01:31:50,555 - INFO - Datos insertados: Device=ESP8266_1, Time=2024-11-10 01:31:50.541264, Counts=0
2024-11-10 01:31:51,558 - INFO - Datos insertados: Device=ESP8266_1, Time=2024-11-10 01:31:51.543749, Counts=0
2024-11-10 01:31:52,569 - INFO - Datos insertados: Device=ESP8266_1, Time=2024-11-10 01:31:52.553159, Counts=0
2024-11-10 01:31:53,562 - INFO - Datos insertados: Device=ESP8266_1, Time=2024-11-10 01:31:53.546323, Counts=0
2024-11-10 01:31:54,567 - INFO - Datos insertados: Device=ESP8266_1, Time=2024-11-10 01:31:54.549638, Counts=0
2024-11-10 01:31:55,567 - INFO - Datos insertados: Device=ESP8266_1, Time=2024-11-10 01:31:55.551513, Counts=0
2024-11-10 01:31:56,571 - INFO - Datos insertados: Device=ESP8266_1, Time=2024-11-10 01:31:56.554171, Counts=0
2024-11-10 01:31:57,568 - INFO - Datos insertados: Device=ESP8266_1, Time=2024-11-10 01:31:57.554642, Counts=0
2024-11-10 01:31:58,585 - INFO - Datos insertados: Device=ESP8266_1, Time=2024-11-10 01:31:58.570087, Counts=0
2024-11-10 01:31:59,577 - INFO - Datos insertados: Device=ESP8266_1, Time=2024-11-10 01:31:59.560268, Counts=0
2024-11-10 01:32:00,578 - INFO - Datos insertados: Device=ESP8266_1, Time=2024-11-10 01:32:00.563968, Counts=0
2024-11-10 01:32:01,584 - INFO - Datos insertados: Device=ESP8266_1, Time=2024-11-10 01:32:01.567499, Counts=0
2024-11-10 01:32:02,585 - INFO - Datos insertados: Device=ESP8266_1, Time=2024-11-10 01:32:02.569724, Counts=0
2024-11-10 01:32:03,596 - INFO - Datos insertados: Device=ESP8266_1, Time=2024-11-10 01:32:03.580772, Counts=0
2024-11-10 01:32:04,592 - INFO - Datos insertados: Device=ESP8266_1, Time=2024-11-10 01:32:04.579070, Counts=0
2024-11-10 01:32:05,665 - INFO - Datos insertados: Device=ESP8266_1, Time=2024-11-10 01:32:05.651636, Counts=0
2024-11-10 01:32:06,591 - INFO - Datos insertados: Device=ESP8266_1, Time=2024-11-10 01:32:06.574773, Counts=0
2024-11-10 01:32:07,592 - INFO - Datos insertados: Device=ESP8266_1, Time=2024-11-10 01:32:07.576392, Counts=0
2024-11-10 01:32:08,602 - INFO - Datos insertados: Device=ESP8266_1, Time=2024-11-10 01:32:08.589029, Counts=0
2024-11-10 01:32:09,600 - INFO - Datos insertados: Device=ESP8266_1, Time=2024-11-10 01:32:09.586088, Counts=0
2024-11-10 01:32:10,606 - INFO - Datos insertados: Device=ESP8266_1, Time=2024-11-10 01:32:10.589623, Counts=0
2024-11-10 01:32:11,604 - INFO - Datos insertados: Device=ESP8266_1, Time=2024-11-10 01:32:11.588280, Counts=0
2024-11-10 01:32:12,637 - INFO - Datos insertados: Device=ESP8266_1, Time=2024-11-10 01:32:12.623446, Counts=0
2024-11-10 01:32:13,611 - INFO - Datos insertados: Device=ESP8266_1, Time=2024-11-10 01:32:13.592493, Counts=0
2024-11-10 01:32:14,610 - INFO - Datos insertados: Device=ESP8266_1, Time=2024-11-10 01:32:14.594796, Counts=0
2024-11-10 01:32:15,628 - INFO - Datos insertados: Device=ESP8266_1, Time=2024-11-10 01:32:15.612603, Counts=0
2024-11-10 01:32:16,617 - INFO - Datos insertados: Device=ESP8266_1, Time=2024-11-10 01:32:16.601028, Counts=0
2024-11-10 01:32:17,616 - INFO - Datos insertados: Device=ESP8266_1, Time=2024-11-10 01:32:17.602457, Counts=0
2024-11-10 01:32:18,629 - INFO - Datos insertados: Device=ESP8266_1, Time=2024-11-10 01:32:18.613539, Counts=0
2024-11-10 01:32:19,618 - INFO - Datos insertados: Device=ESP8266_1, Time=2024-11-10 01:32:19.602550, Counts=0
2024-11-10 01:32:20,621 - INFO - Datos insertados: Device=ESP8266_1, Time=2024-11-10 01:32:20.605055, Counts=0
2024-11-10 01:32:21,647 - INFO - Datos insertados: Device=ESP8266_1, Time=2024-11-10 01:32:21.633055, Counts=0
2024-11-10 01:32:22,661 - INFO - Datos insertados: Device=ESP8266_1, Time=2024-11-10 01:32:22.644403, Counts=0
2024-11-10 01:32:23,639 - INFO - Datos insertados: Device=ESP8266_1, Time=2024-11-10 01:32:23.622507, Counts=0
2024-11-10 01:32:24,655 - INFO - Datos insertados: Device=ESP8266_1, Time=2024-11-10 01:32:24.639308, Counts=0
2024-11-10 01:32:25,638 - INFO - Datos insertados: Device=ESP8266_1, Time=2024-11-10 01:32:25.622438, Counts=0
2024-11-10 01:32:26,641 - INFO - Datos insertados: Device=ESP8266_1, Time=2024-11-10 01:32:26.628009, Counts=0
2024-11-10 01:32:27,634 - INFO - Datos insertados: Device=ESP8266_1, Time=2024-11-10 01:32:27.618816, Counts=0
2024-11-10 01:32:28,640 - INFO - Datos insertados: Device=ESP8266_1, Time=2024-11-10 01:32:28.622083, Counts=0
2024-11-10 01:32:29,660 - INFO - Datos insertados: Device=ESP8266_1, Time=2024-11-10 01:32:29.639931, Counts=0
2024-11-10 01:32:30,644 - INFO - Datos insertados: Device=ESP8266_1, Time=2024-11-10 01:32:30.628799, Counts=0
2024-11-10 01:32:31,657 - INFO - Datos insertados: Device=ESP8266_1, Time=2024-11-10 01:32:31.641547, Counts=0
2024-11-10 01:32:32,650 - INFO - Datos insertados: Device=ESP8266_1, Time=2024-11-10 01:32:32.633725, Counts=0
2024-11-10 01:32:33,649 - INFO - Datos insertados: Device=ESP8266_1, Time=2024-11-10 01:32:33.634597, Counts=0
2024-11-10 01:32:34,651 - INFO - Datos insertados: Device=ESP8266_1, Time=2024-11-10 01:32:34.636538, Counts=0
2024-11-10 01:32:35,658 - INFO - Datos insertados: Device=ESP8266_1, Time=2024-11-10 01:32:35.642316, Counts=0
2024-11-10 01:32:36,658 - INFO - Datos insertados: Device=ESP8266_1, Time=2024-11-10 01:32:36.644138, Counts=0
2024-11-10 01:32:37,722 - INFO - Datos insertados: Device=ESP8266_1, Time=2024-11-10 01:32:37.708277, Counts=0
2024-11-10 01:32:38,671 - INFO - Datos insertados: Device=ESP8266_1, Time=2024-11-10 01:32:38.654738, Counts=0
2024-11-10 01:32:39,687 - INFO - Datos insertados: Device=ESP8266_1, Time=2024-11-10 01:32:39.672845, Counts=0
2024-11-10 01:32:40,727 - INFO - Datos insertados: Device=ESP8266_1, Time=2024-11-10 01:32:40.713575, Counts=0
2024-11-10 01:32:41,668 - INFO - Datos insertados: Device=ESP8266_1, Time=2024-11-10 01:32:41.651613, Counts=0
2024-11-10 01:32:42,701 - INFO - Datos insertados: Device=ESP8266_1, Time=2024-11-10 01:32:42.679351, Counts=0
2024-11-10 01:32:43,684 - INFO - Datos insertados: Device=ESP8266_1, Time=2024-11-10 01:32:43.670251, Counts=0
2024-11-10 01:32:44,693 - INFO - Datos insertados: Device=ESP8266_1, Time=2024-11-10 01:32:44.677297, Counts=0
2024-11-10 01:32:45,692 - INFO - Datos insertados: Device=ESP8266_1, Time=2024-11-10 01:32:45.677468, Counts=0
2024-11-10 01:32:46,679 - INFO - Datos insertados: Device=ESP8266_1, Time=2024-11-10 01:32:46.662914, Counts=0
2024-11-10 01:32:47,700 - INFO - Datos insertados: Device=ESP8266_1, Time=2024-11-10 01:32:47.685941, Counts=0
2024-11-10 01:32:48,706 - INFO - Datos insertados: Device=ESP8266_1, Time=2024-11-10 01:32:48.686929, Counts=0
2024-11-10 01:32:49,686 - INFO - Datos insertados: Device=ESP8266_1, Time=2024-11-10 01:32:49.672453, Counts=0
2024-11-10 01:32:50,705 - INFO - Datos insertados: Device=ESP8266_1, Time=2024-11-10 01:32:50.688761, Counts=0
2024-11-10 01:32:51,702 - INFO - Datos insertados: Device=ESP8266_1, Time=2024-11-10 01:32:51.688554, Counts=0
2024-11-10 01:32:52,715 - INFO - Datos insertados: Device=ESP8266_1, Time=2024-11-10 01:32:52.701802, Counts=0
2024-11-10 01:32:53,766 - INFO - Datos insertados: Device=ESP8266_1, Time=2024-11-10 01:32:53.750342, Counts=0
2024-11-10 01:32:54,715 - INFO - Datos insertados: Device=ESP8266_1, Time=2024-11-10 01:32:54.698730, Counts=0
2024-11-10 01:32:55,745 - INFO - Datos insertados: Device=ESP8266_1, Time=2024-11-10 01:32:55.731551, Counts=0
2024-11-10 01:32:56,719 - INFO - Datos insertados: Device=ESP8266_1, Time=2024-11-10 01:32:56.705979, Counts=0
2024-11-10 01:32:57,715 - INFO - Datos insertados: Device=ESP8266_1, Time=2024-11-10 01:32:57.699218, Counts=0
2024-11-10 01:32:58,737 - INFO - Datos insertados: Device=ESP8266_1, Time=2024-11-10 01:32:58.722919, Counts=0
2024-11-10 01:32:59,760 - INFO - Datos insertados: Device=ESP8266_1, Time=2024-11-10 01:32:59.744743, Counts=0
2024-11-10 01:33:00,767 - INFO - Datos insertados: Device=ESP8266_1, Time=2024-11-10 01:33:00.750925, Counts=0
2024-11-10 01:33:01,735 - INFO - Datos insertados: Device=ESP8266_1, Time=2024-11-10 01:33:01.722022, Counts=0
2024-11-10 01:33:02,721 - INFO - Datos insertados: Device=ESP8266_1, Time=2024-11-10 01:33:02.705041, Counts=0
2024-11-10 01:33:03,724 - INFO - Datos insertados: Device=ESP8266_1, Time=2024-11-10 01:33:03.708014, Counts=0
2024-11-10 01:33:04,733 - INFO - Datos insertados: Device=ESP8266_1, Time=2024-11-10 01:33:04.719738, Counts=0
2024-11-10 01:33:05,732 - INFO - Datos insertados: Device=ESP8266_1, Time=2024-11-10 01:33:05.718328, Counts=0
2024-11-10 01:33:06,760 - INFO - Datos insertados: Device=ESP8266_1, Time=2024-11-10 01:33:06.743813, Counts=0
2024-11-10 01:33:07,741 - INFO - Datos insertados: Device=ESP8266_1, Time=2024-11-10 01:33:07.725682, Counts=0
2024-11-10 01:33:08,735 - INFO - Datos insertados: Device=ESP8266_1, Time=2024-11-10 01:33:08.720871, Counts=0
2024-11-10 01:33:09,756 - INFO - Datos insertados: Device=ESP8266_1, Time=2024-11-10 01:33:09.741603, Counts=0
2024-11-10 01:33:10,754 - INFO - Datos insertados: Device=ESP8266_1, Time=2024-11-10 01:33:10.739072, Counts=0
2024-11-10 01:33:11,749 - INFO - Datos insertados: Device=ESP8266_1, Time=2024-11-10 01:33:11.733232, Counts=0
2024-11-10 01:33:12,765 - INFO - Datos insertados: Device=ESP8266_1, Time=2024-11-10 01:33:12.752175, Counts=0
2024-11-10 01:33:13,749 - INFO - Datos insertados: Device=ESP8266_1, Time=2024-11-10 01:33:13.734105, Counts=0
2024-11-10 01:33:14,752 - INFO - Datos insertados: Device=ESP8266_1, Time=2024-11-10 01:33:14.736688, Counts=0
2024-11-10 01:33:15,755 - INFO - Datos insertados: Device=ESP8266_1, Time=2024-11-10 01:33:15.738983, Counts=0
2024-11-10 01:33:16,757 - INFO - Datos insertados: Device=ESP8266_1, Time=2024-11-10 01:33:16.742619, Counts=0
2024-11-10 01:33:17,761 - INFO - Datos insertados: Device=ESP8266_1, Time=2024-11-10 01:33:17.746290, Counts=0
2024-11-10 01:33:18,759 - INFO - Datos insertados: Device=ESP8266_1, Time=2024-11-10 01:33:18.745146, Counts=0
2024-11-10 01:33:19,760 - INFO - Datos insertados: Device=ESP8266_1, Time=2024-11-10 01:33:19.747318, Counts=0
2024-11-10 01:33:20,771 - INFO - Datos insertados: Device=ESP8266_1, Time=2024-11-10 01:33:20.755871, Counts=0
2024-11-10 01:33:21,776 - INFO - Datos insertados: Device=ESP8266_1, Time=2024-11-10 01:33:21.759574, Counts=0
2024-11-10 01:33:22,768 - INFO - Datos insertados: Device=ESP8266_1, Time=2024-11-10 01:33:22.753699, Counts=0
2024-11-10 01:33:23,782 - INFO - Datos insertados: Device=ESP8266_1, Time=2024-11-10 01:33:23.763942, Counts=0
2024-11-10 01:33:24,771 - INFO - Datos insertados: Device=ESP8266_1, Time=2024-11-10 01:33:24.755655, Counts=0
2024-11-10 01:33:25,782 - INFO - Datos insertados: Device=ESP8266_1, Time=2024-11-10 01:33:25.764622, Counts=0
2024-11-10 01:33:26,810 - INFO - Datos insertados: Device=ESP8266_1, Time=2024-11-10 01:33:26.796076, Counts=0
2024-11-10 01:33:27,784 - INFO - Datos insertados: Device=ESP8266_1, Time=2024-11-10 01:33:27.769057, Counts=0
2024-11-10 01:33:28,787 - INFO - Datos insertados: Device=ESP8266_1, Time=2024-11-10 01:33:28.771430, Counts=0
2024-11-10 01:33:29,791 - INFO - Datos insertados: Device=ESP8266_1, Time=2024-11-10 01:33:29.777699, Counts=0
2024-11-10 01:33:30,806 - INFO - Datos insertados: Device=ESP8266_1, Time=2024-11-10 01:33:30.789242, Counts=0
2024-11-10 01:33:31,793 - INFO - Datos insertados: Device=ESP8266_1, Time=2024-11-10 01:33:31.779106, Counts=0
2024-11-10 01:33:32,800 - INFO - Datos insertados: Device=ESP8266_1, Time=2024-11-10 01:33:32.786303, Counts=0
2024-11-10 01:33:33,804 - INFO - Datos insertados: Device=ESP8266_1, Time=2024-11-10 01:33:33.789038, Counts=0
2024-11-10 01:33:34,801 - INFO - Datos insertados: Device=ESP8266_1, Time=2024-11-10 01:33:34.784766, Counts=0
2024-11-10 01:33:35,803 - INFO - Datos insertados: Device=ESP8266_1, Time=2024-11-10 01:33:35.788614, Counts=0
2024-11-10 01:33:36,808 - INFO - Datos insertados: Device=ESP8266_1, Time=2024-11-10 01:33:36.789681, Counts=0
2024-11-10 01:33:37,806 - INFO - Datos insertados: Device=ESP8266_1, Time=2024-11-10 01:33:37.790092, Counts=0
2024-11-10 01:33:38,810 - INFO - Datos insertados: Device=ESP8266_1, Time=2024-11-10 01:33:38.793945, Counts=0
2024-11-10 01:33:39,812 - INFO - Datos insertados: Device=ESP8266_1, Time=2024-11-10 01:33:39.797186, Counts=0
2024-11-10 01:33:40,816 - INFO - Datos insertados: Device=ESP8266_1, Time=2024-11-10 01:33:40.802245, Counts=0
2024-11-10 01:33:41,850 - INFO - Datos insertados: Device=ESP8266_1, Time=2024-11-10 01:33:41.834428, Counts=0
2024-11-10 01:33:42,845 - INFO - Datos insertados: Device=ESP8266_1, Time=2024-11-10 01:33:42.829283, Counts=0
2024-11-10 01:33:43,826 - INFO - Datos insertados: Device=ESP8266_1, Time=2024-11-10 01:33:43.809929, Counts=0
2024-11-10 01:33:44,826 - INFO - Datos insertados: Device=ESP8266_1, Time=2024-11-10 01:33:44.810656, Counts=0
2024-11-10 01:33:45,842 - INFO - Datos insertados: Device=ESP8266_1, Time=2024-11-10 01:33:45.826388, Counts=0
2024-11-10 01:33:46,828 - INFO - Datos insertados: Device=ESP8266_1, Time=2024-11-10 01:33:46.815066, Counts=0
2024-11-10 01:33:47,835 - INFO - Datos insertados: Device=ESP8266_1, Time=2024-11-10 01:33:47.818431, Counts=0
2024-11-10 01:33:48,847 - INFO - Datos insertados: Device=ESP8266_1, Time=2024-11-10 01:33:48.831713, Counts=0
2024-11-10 01:33:49,838 - INFO - Datos insertados: Device=ESP8266_1, Time=2024-11-10 01:33:49.823976, Counts=0
2024-11-10 01:33:50,851 - INFO - Datos insertados: Device=ESP8266_1, Time=2024-11-10 01:33:50.834866, Counts=0
2024-11-10 01:33:51,847 - INFO - Datos insertados: Device=ESP8266_1, Time=2024-11-10 01:33:51.831827, Counts=0
2024-11-10 01:33:52,851 - INFO - Datos insertados: Device=ESP8266_1, Time=2024-11-10 01:33:52.835727, Counts=0
2024-11-10 01:33:53,859 - INFO - Datos insertados: Device=ESP8266_1, Time=2024-11-10 01:33:53.844089, Counts=0
2024-11-10 01:33:54,849 - INFO - Datos insertados: Device=ESP8266_1, Time=2024-11-10 01:33:54.834244, Counts=0
2024-11-10 01:33:55,858 - INFO - Datos insertados: Device=ESP8266_1, Time=2024-11-10 01:33:55.844444, Counts=0
2024-11-10 01:33:56,853 - INFO - Datos insertados: Device=ESP8266_1, Time=2024-11-10 01:33:56.838171, Counts=0
2024-11-10 01:33:57,896 - INFO - Datos insertados: Device=ESP8266_1, Time=2024-11-10 01:33:57.880179, Counts=0
2024-11-10 01:33:58,863 - INFO - Datos insertados: Device=ESP8266_1, Time=2024-11-10 01:33:58.844957, Counts=0
2024-11-10 01:33:59,864 - INFO - Datos insertados: Device=ESP8266_1, Time=2024-11-10 01:33:59.850186, Counts=0
2024-11-10 01:34:00,869 - INFO - Datos insertados: Device=ESP8266_1, Time=2024-11-10 01:34:00.855522, Counts=0
2024-11-10 01:34:01,871 - INFO - Datos insertados: Device=ESP8266_1, Time=2024-11-10 01:34:01.854898, Counts=0
2024-11-10 01:34:02,891 - INFO - Datos insertados: Device=ESP8266_1, Time=2024-11-10 01:34:02.875164, Counts=0
2024-11-10 01:34:03,877 - INFO - Datos insertados: Device=ESP8266_1, Time=2024-11-10 01:34:03.861795, Counts=0
2024-11-10 01:34:04,879 - INFO - Datos insertados: Device=ESP8266_1, Time=2024-11-10 01:34:04.862983, Counts=0
2024-11-10 01:34:05,881 - INFO - Datos insertados: Device=ESP8266_1, Time=2024-11-10 01:34:05.864740, Counts=0
2024-11-10 01:34:06,886 - INFO - Datos insertados: Device=ESP8266_1, Time=2024-11-10 01:34:06.872095, Counts=0
2024-11-10 01:34:07,884 - INFO - Datos insertados: Device=ESP8266_1, Time=2024-11-10 01:34:07.870159, Counts=0
2024-11-10 01:34:08,888 - INFO - Datos insertados: Device=ESP8266_1, Time=2024-11-10 01:34:08.872610, Counts=0
2024-11-10 01:34:09,900 - INFO - Datos insertados: Device=ESP8266_1, Time=2024-11-10 01:34:09.884785, Counts=0
2024-11-10 01:34:10,891 - INFO - Datos insertados: Device=ESP8266_1, Time=2024-11-10 01:34:10.876245, Counts=0
2024-11-10 01:34:11,894 - INFO - Datos insertados: Device=ESP8266_1, Time=2024-11-10 01:34:11.880358, Counts=0
2024-11-10 01:34:12,898 - INFO - Datos insertados: Device=ESP8266_1, Time=2024-11-10 01:34:12.883622, Counts=0
2024-11-10 01:34:13,905 - INFO - Datos insertados: Device=ESP8266_1, Time=2024-11-10 01:34:13.889618, Counts=0
2024-11-10 01:34:14,904 - INFO - Datos insertados: Device=ESP8266_1, Time=2024-11-10 01:34:14.890518, Counts=0
2024-11-10 01:34:15,943 - INFO - Datos insertados: Device=ESP8266_1, Time=2024-11-10 01:34:15.899123, Counts=0
2024-11-10 01:34:16,910 - INFO - Datos insertados: Device=ESP8266_1, Time=2024-11-10 01:34:16.894711, Counts=0
2024-11-10 01:34:17,910 - INFO - Datos insertados: Device=ESP8266_1, Time=2024-11-10 01:34:17.896069, Counts=0
2024-11-10 01:34:18,917 - INFO - Datos insertados: Device=ESP8266_1, Time=2024-11-10 01:34:18.903106, Counts=0
2024-11-10 01:34:19,921 - INFO - Datos insertados: Device=ESP8266_1, Time=2024-11-10 01:34:19.905170, Counts=0
2024-11-10 01:34:20,936 - INFO - Datos insertados: Device=ESP8266_1, Time=2024-11-10 01:34:20.921896, Counts=0
2024-11-10 01:34:21,923 - INFO - Datos insertados: Device=ESP8266_1, Time=2024-11-10 01:34:21.906841, Counts=0
2024-11-10 01:34:22,927 - INFO - Datos insertados: Device=ESP8266_1, Time=2024-11-10 01:34:22.911887, Counts=0
2024-11-10 01:34:23,934 - INFO - Datos insertados: Device=ESP8266_1, Time=2024-11-10 01:34:23.920754, Counts=0
2024-11-10 01:34:24,931 - INFO - Datos insertados: Device=ESP8266_1, Time=2024-11-10 01:34:24.917432, Counts=0
2024-11-10 01:34:25,931 - INFO - Datos insertados: Device=ESP8266_1, Time=2024-11-10 01:34:25.915788, Counts=0
2024-11-10 01:34:26,940 - INFO - Datos insertados: Device=ESP8266_1, Time=2024-11-10 01:34:26.924171, Counts=0
2024-11-10 01:34:27,944 - INFO - Datos insertados: Device=ESP8266_1, Time=2024-11-10 01:34:27.930025, Counts=0
2024-11-10 01:34:28,950 - INFO - Datos insertados: Device=ESP8266_1, Time=2024-11-10 01:34:28.933646, Counts=0
2024-11-10 01:34:29,947 - INFO - Datos insertados: Device=ESP8266_1, Time=2024-11-10 01:34:29.931519, Counts=0
2024-11-10 01:34:30,948 - INFO - Datos insertados: Device=ESP8266_1, Time=2024-11-10 01:34:30.933436, Counts=0
2024-11-10 01:34:31,946 - INFO - Datos insertados: Device=ESP8266_1, Time=2024-11-10 01:34:31.932655, Counts=0
2024-11-10 01:34:32,952 - INFO - Datos insertados: Device=ESP8266_1, Time=2024-11-10 01:34:32.936157, Counts=0
2024-11-10 01:34:33,957 - INFO - Datos insertados: Device=ESP8266_1, Time=2024-11-10 01:34:33.939627, Counts=0
2024-11-10 01:34:34,959 - INFO - Datos insertados: Device=ESP8266_1, Time=2024-11-10 01:34:34.942607, Counts=0
2024-11-10 01:34:35,959 - INFO - Datos insertados: Device=ESP8266_1, Time=2024-11-10 01:34:35.942385, Counts=0
2024-11-10 01:34:36,964 - INFO - Datos insertados: Device=ESP8266_1, Time=2024-11-10 01:34:36.950751, Counts=0
2024-11-10 01:34:37,966 - INFO - Datos insertados: Device=ESP8266_1, Time=2024-11-10 01:34:37.951006, Counts=0
2024-11-10 01:34:38,962 - INFO - Datos insertados: Device=ESP8266_1, Time=2024-11-10 01:34:38.948680, Counts=0
2024-11-10 01:34:39,967 - INFO - Datos insertados: Device=ESP8266_1, Time=2024-11-10 01:34:39.950838, Counts=0
2024-11-10 01:37:34,408 - INFO - Señal de terminación recibida. Cerrando conexión MQTT...
2024-11-10 10:36:18,882 - INFO - Iniciando loop MQTT...
2024-11-10 10:36:18,887 - INFO - Conectado exitosamente al broker MQTT
2024-11-10 10:36:18,891 - INFO - Suscrito al topic: sensor/data
2024-11-10 10:36:21,092 - INFO - Señal de terminación recibida. Cerrando aplicación...
2024-11-10 10:43:30,819 - INFO - Iniciando loop MQTT...
2024-11-10 10:43:30,823 - INFO - Conectado exitosamente al broker MQTT
2024-11-10 10:43:30,828 - INFO - Suscrito al topic: sensor/data
2024-11-10 10:44:10,646 - ERROR - Error al insertar datos: attempt to write a readonly database
2024-11-10 10:44:25,662 - ERROR - Error al insertar datos: attempt to write a readonly database
2024-11-10 10:44:55,386 - INFO - Señal de terminación recibida. Cerrando aplicación...
2024-11-10 10:46:08,983 - INFO - Iniciando loop MQTT...
2024-11-10 10:46:08,988 - INFO - Conectado exitosamente al broker MQTT
2024-11-10 10:46:08,993 - INFO - Suscrito al topic: sensor/data
2024-11-10 10:46:11,679 - INFO - Datos insertados: Device=motor_encoder, Time=2024-11-10 10:46:11.633252, Counts=100
2024-11-10 10:46:17,360 - INFO - Señal de terminación recibida. Cerrando aplicación...
